start_date,end_date,return,universe_size
2018-01-11,2018-01-23,0.01185664553164121,38
2018-01-23,2018-01-31,-0.0034675557266472807,45
2018-01-31,2018-02-13,-0.023102612932474547,52
2018-02-13,2018-02-23,0.017069944462888075,53
2018-02-23,2018-03-01,0.0026501631336610693,54
2018-03-01,2018-03-13,0.016447388170853314,54
2018-03-13,2018-03-21,-0.006670737680871903,54
2018-03-21,2018-04-02,0.0003540401720056021,56
2018-04-02,2018-04-11,0.0035142565489335643,59
2018-04-11,2018-04-23,-0.011406927574018084,61
2018-04-23,2018-05-11,0.01664485792749799,63
2018-05-11,2018-05-22,-0.0032488930626044282,65
2018-05-22,2018-05-31,-0.03873676447723024,68
2018-05-31,2018-06-12,-0.0015983563887445637,67
2018-06-12,2018-06-21,-0.04071910012790211,67
2018-06-21,2018-07-11,0.014417025679746377,67
2018-07-11,2018-07-23,0.02423868053547787,70
2018-07-23,2018-07-31,-0.008808465609469992,71
2018-07-31,2018-08-13,-0.006013373993447957,73
2018-08-13,2018-08-21,-0.01381934959893883,77
2018-08-21,2018-08-31,0.008540724912220203,82
2018-08-31,2018-09-11,-0.008723838451508125,87
2018-09-11,2018-09-21,0.000884825329751112,89
2018-09-21,2018-10-11,-0.017179644976029123,90
2018-10-11,2018-10-23,-0.005262586431570693,92
2018-10-23,2018-10-31,-0.0010514990640022692,90
2018-10-31,2018-11-13,0.017500365682302742,92
2018-11-13,2018-11-21,0.010780480697373562,93
2018-11-21,2018-12-03,0.0075555512337009195,93
2018-12-03,2018-12-11,-0.0007181472901346374,96
2018-12-11,2018-12-21,-0.013732230204161753,100
2018-12-21,2019-01-11,0.02270935712973036,104
2019-01-11,2019-01-22,0.007226035055132068,111
2019-01-22,2019-01-31,-0.0015474066838561205,115
2019-01-31,2019-02-12,0.019959013518816203,115
2019-02-12,2019-02-21,0.03370067642271993,116
2019-02-21,2019-03-01,0.03804393520423678,119
2019-03-01,2019-03-12,0.04945870433570758,120
2019-03-12,2019-03-21,0.015518711450244065,120
2019-03-21,2019-04-11,0.015162852880742789,123
2019-04-11,2019-04-23,-0.012735711443871773,135
2019-04-23,2019-05-06,-0.06267896532320048,141
2019-05-06,2019-05-13,0.004563749257134984,151
2019-05-13,2019-05-21,-0.005733485044340012,156
2019-05-21,2019-05-31,-0.005711192241063361,159
2019-05-31,2019-06-11,-0.023128040548832742,159
2019-06-11,2019-06-21,0.026186687480566018,159
2019-06-21,2019-07-11,0.0047506018173288775,158
2019-07-11,2019-07-23,-0.006573864008647341,166
2019-07-23,2019-07-31,0.020289747816395462,168
2019-07-31,2019-08-13,-0.009442063329997462,167
2019-08-13,2019-08-21,0.02147983005510947,170
2019-08-21,2019-09-02,0.008536528784924053,171
2019-09-02,2019-09-11,0.03776038374578766,169
2019-09-11,2019-09-23,-0.009044193059907401,169
2019-09-23,2019-10-08,-0.01533927359646579,172
2019-10-08,2019-10-11,0.009109731578470105,173
2019-10-11,2019-10-22,-0.006264132802517792,173
2019-10-22,2019-10-31,-0.0003057580779839159,175
2019-10-31,2019-11-12,0.0012083024419002322,173
2019-11-12,2019-11-21,-0.0003634315752741508,179
2019-11-21,2019-12-11,0.007866548129053094,180
2019-12-11,2019-12-23,0.02686052083711466,190
2019-12-23,2019-12-31,0.011591112443957568,195
2019-12-31,2020-01-13,0.03487566882927316,195
2020-01-13,2020-01-21,0.011725573317837943,205
2020-01-21,2020-02-11,0.000610828826558075,212
2020-02-11,2020-02-21,0.0540205058397376,219
2020-02-21,2020-03-11,0.002516408282945876,221
2020-03-11,2020-03-23,-0.002502135163004024,214
2020-03-23,2020-03-31,0.014301188959871902,216
2020-03-31,2020-04-13,-0.03575733846077307,215
2020-04-13,2020-04-21,0.04095760450234324,227
2020-04-21,2020-05-06,0.009428358868392585,234
2020-05-06,2020-05-12,-0.0038530373142962203,238
2020-05-12,2020-05-21,-0.033067728114008356,242
2020-05-21,2020-06-11,0.009002423379924933,248
2020-06-11,2020-06-23,0.007765177053252897,251
2020-06-23,2020-07-01,-0.005380879459151905,252
2020-07-01,2020-07-13,0.08044189615817357,256
2020-07-13,2020-07-21,-0.012530362271108911,261
2020-07-21,2020-07-31,0.008171566247184755,269
2020-07-31,2020-08-11,0.052699336327413034,271
2020-08-11,2020-08-21,-0.006174932233311641,275
2020-08-21,2020-09-01,0.001224817438454268,280
2020-09-01,2020-09-11,-0.04206670699262128,282
2020-09-11,2020-09-22,0.01594898041744285,284
2020-09-22,2020-10-09,-0.015180289523271304,293
2020-10-09,2020-10-13,0.023422707379861556,296
2020-10-13,2020-10-21,0.026062708897126946,296
2020-10-21,2020-11-02,-0.003542290722693228,298
2020-11-02,2020-11-11,-0.005809739384588657,297
2020-11-11,2020-11-23,-0.0025601693879371374,300
2020-11-23,2020-12-01,-0.0010079487493603746,303
2020-12-01,2020-12-11,0.0023464793302683004,307
2020-12-11,2020-12-22,-0.013722809957156999,310
2020-12-22,2020-12-31,-0.007748232901594003,313
2020-12-31,2021-01-12,0.00682696078893485,323
2021-01-12,2021-01-21,0.01292584294679439,324
2021-01-21,2021-02-18,-0.05340295516261088,329
2021-02-18,2021-02-23,0.03238364415825766,324
2021-02-23,2021-03-11,0.003971105961782335,326
2021-03-11,2021-03-23,0.02133184151944927,330
2021-03-23,2021-03-31,-0.013694200707756794,330
2021-03-31,2021-04-13,-0.0009398928835954415,332
2021-04-13,2021-04-21,0.020991802913395037,336
2021-04-21,2021-05-06,-0.0007197269995315396,341
2021-05-06,2021-05-11,0.027273511902156686,346
2021-05-11,2021-05-21,0.004611573626653128,347
2021-05-21,2021-06-01,0.02357109198013716,352
2021-06-01,2021-06-11,0.0039399758757415115,353
2021-06-11,2021-06-22,-0.00813561287016262,354
2021-06-22,2021-07-01,0.019614570263410114,351
2021-07-01,2021-07-13,0.03316966914204397,354
2021-07-13,2021-07-21,0.006946646457467484,356
2021-07-21,2021-08-02,0.0186345786298469,355
2021-08-02,2021-08-11,0.02455433481803283,354
2021-08-11,2021-08-23,-0.0047059510660604756,355
2021-08-23,2021-08-31,0.03506795408968835,355
2021-08-31,2021-09-13,0.028298083438916256,356
2021-09-13,2021-09-23,-0.017592276455603916,360
2021-09-23,2021-10-08,-0.01933812180978118,357
2021-10-08,2021-10-12,-0.0036182289513964783,359
2021-10-12,2021-10-21,0.010278320188654015,359
2021-10-21,2021-11-11,0.037366259276894055,357
2021-11-11,2021-11-23,0.046854668555004406,356
2021-11-23,2021-12-01,0.014443712082345067,356
2021-12-01,2021-12-13,-0.005276514191066671,358
2021-12-13,2021-12-21,-0.00770045817210392,363
2021-12-21,2021-12-31,0.017036884298823548,362
2021-12-31,2022-01-11,0.009731975928273465,365
2022-01-11,2022-01-21,-0.010294751646605248,367
2022-01-21,2022-02-11,-0.0007376354569627023,370
2022-02-11,2022-02-22,-0.027318026395001478,366
2022-02-22,2022-03-01,0.019957480947069502,367
2022-03-01,2022-03-11,-0.07067340224944064,367
2022-03-11,2022-03-22,0.02297607761178123,369
2022-03-22,2022-03-31,-0.025362350939884485,369
2022-03-31,2022-04-12,-0.01795653053581384,374
2022-04-12,2022-04-21,0.014453139330766583,376
2022-04-21,2022-05-11,-0.00037520058275279823,382
2022-05-11,2022-05-23,0.03805560517108689,387
2022-05-23,2022-05-31,-0.008796087049538357,392
2022-05-31,2022-06-13,0.02911148003097881,397
2022-06-13,2022-06-21,0.009225794851617399,393
2022-06-21,2022-07-01,0.027630719135665095,392
2022-07-01,2022-07-12,-0.012921708536784588,391
2022-07-12,2022-07-21,0.023873516752601458,391
2022-07-21,2022-08-11,0.019918126845812595,394
2022-08-11,2022-08-23,-0.008108558322139255,397
2022-08-23,2022-08-31,-0.037431448850633854,404
2022-08-31,2022-09-14,-0.0018465308160417041,407
2022-09-14,2022-09-21,-0.022647651353469706,409
2022-09-21,2022-10-10,-0.028135749324834935,411
2022-10-10,2022-10-11,-0.007530710297317348,410
2022-10-11,2022-10-21,0.04090268508570433,410
2022-10-21,2022-11-01,-0.026221487156523414,414
2022-11-01,2022-11-11,0.03693652947023758,422
2022-11-11,2022-11-22,-0.02425975427358665,427
2022-11-22,2022-12-01,0.012854653959294084,433
2022-12-01,2022-12-13,-0.0008641232413236376,435
2022-12-13,2022-12-21,-0.03846342658624825,438
2022-12-21,2023-01-03,-0.0021895948200237477,439
2023-01-03,2023-01-11,0.030870453646336855,437
2023-01-11,2023-01-30,0.030080567997811176,444
2023-01-30,2023-01-31,0.0022102912752600323,446
2023-01-31,2023-02-13,0.007911328270258911,445
2023-02-13,2023-02-21,-0.007879156598560831,445
2023-02-21,2023-03-01,-0.005125523538420426,445
2023-03-01,2023-03-13,-0.0031733511535329824,444
2023-03-13,2023-03-21,0.0013144685182799195,440
2023-03-21,2023-03-31,0.0037624536188629134,439
2023-03-31,2023-04-11,0.011525661459386964,440
2023-04-11,2023-04-21,-0.010238793505172547,441
2023-04-21,2023-05-11,-0.022372289071298426,449
2023-05-11,2023-05-23,0.003785617495923666,460
2023-05-23,2023-05-31,-0.0023107095657658185,463
2023-05-31,2023-06-13,0.017146934696742378,464
2023-06-13,2023-06-21,0.008359528450963723,463
2023-06-21,2023-07-03,-0.0006535563410163679,462
2023-07-03,2023-07-11,0.00045840350092313025,458
2023-07-11,2023-07-21,-0.0034544359935594878,460
2023-07-21,2023-08-01,0.013598410910383305,464
2023-08-01,2023-08-11,-0.005802097343694912,462
2023-08-11,2023-08-22,-0.013047660007362384,472
2023-08-22,2023-08-31,-0.0013045801173497678,484
2023-08-31,2023-09-12,-0.00862632686458784,491
2023-09-12,2023-09-21,-0.016711349975970603,494
2023-09-21,2023-10-11,0.009605770047872452,498
2023-10-11,2023-10-23,-0.041103544683056124,497
2023-10-23,2023-10-31,0.028369778419509373,499
2023-10-31,2023-11-13,0.0047903787374195175,499
2023-11-13,2023-11-21,0.006954344724691979,503
2023-11-21,2023-12-01,-0.01942178365325198,504
2023-12-01,2023-12-12,0.0001363654789426443,505
2023-12-12,2023-12-21,-0.02441985609647746,505
2023-12-21,2024-01-11,-0.005377825711691577,504
2024-01-11,2024-01-23,-0.042467356005366705,504
2024-01-23,2024-01-31,-0.006901250762954003,513
2024-01-31,2024-02-20,0.0012317518922111306,511
2024-02-20,2024-02-21,0.006142628262907901,511
2024-02-21,2024-03-01,0.013553142747569719,511
2024-03-01,2024-03-12,-0.0009447416401501679,512
2024-03-12,2024-03-21,0.024222134859643574,507
2024-03-21,2024-04-11,-0.011463541481589547,504
2024-04-11,2024-04-23,-0.01511749468952216,496
2024-04-23,2024-05-06,0.030086673372990338,495
2024-05-06,2024-05-13,0.020950444255594933,494
2024-05-13,2024-05-21,0.00537525871081417,492
2024-05-21,2024-05-31,-0.008220990640684675,492
2024-05-31,2024-06-12,-0.014881267975960613,491
2024-06-12,2024-06-21,-0.02524626466287615,490
2024-06-21,2024-07-11,-0.015268239333689983,487
2024-07-11,2024-07-23,-0.0206519267571479,485
2024-07-23,2024-07-31,-0.015242898577528304,486
2024-07-31,2024-08-13,-0.002096763441524515,488
2024-08-13,2024-08-21,-0.03488909848643757,488
2024-08-21,2024-09-02,0.031654784940702764,489
2024-09-02,2024-09-11,-0.011043448789373007,490
2024-09-11,2024-09-23,-0.013554296598921805,494
2024-09-23,2024-10-08,0.1791853380424729,495
2024-10-08,2024-10-11,-0.07724002014532629,494
2024-10-11,2024-10-22,0.032092833041047646,495
2024-10-22,2024-10-31,-0.0009458439907889915,493
2024-10-31,2024-11-12,0.043781056687393606,479
2024-11-12,2024-11-21,-0.017445998234311765,474
2024-11-21,2024-12-11,0.03201100326707969,474
2024-12-11,2024-12-23,0.005518830348725594,466
2024-12-23,2024-12-31,-0.005945760406417727,465
2024-12-31,2025-01-13,-0.01802508534943928,458
2025-01-13,2025-01-21,0.02843952304397138,455
2025-01-21,2025-02-11,0.026363001126752446,456
2025-02-11,2025-02-21,0.0156314292419109,455
2025-02-21,2025-03-03,-0.006804857223906815,453
2025-03-03,2025-03-11,0.019897775348718803,449
2025-03-11,2025-03-21,-0.004906766176992331,441
2025-03-21,2025-04-01,-0.02120436155144887,433
2025-04-01,2025-04-11,-0.01590858206832575,430
2025-04-11,2025-04-22,-0.002031705230877952,429
2025-04-22,2025-05-06,0.011028407934172122,425
2025-05-06,2025-05-13,0.0239647790140616,424
2025-05-13,2025-05-21,-0.0009051779602931164,426
2025-05-21,2025-06-03,-0.010513128109298244,426
2025-06-03,2025-06-11,0.017862567019216815,420
2025-06-11,2025-06-23,-0.011432496904476326,416
2025-06-23,2025-07-01,0.03478274285459513,413
2025-07-01,2025-07-11,0.007840485345810496,405
2025-07-11,2025-07-22,0.026250140236501233,403
2025-07-22,2025-07-31,0.007266148417083507,393
2025-07-31,2025-08-12,0.033706599307793184,390
2025-08-12,2025-08-21,0.029578346198956572,381
2025-08-21,2025-09-11,-0.028123810709459605,373
2025-09-11,2025-09-23,0.0007624739947046595,356
2025-09-23,2025-10-09,0.030554890028816787,351
2025-10-09,2025-10-13,-0.021843712625032968,348
2025-10-13,2025-10-21,-0.009001198670529682,347
2025-10-21,2025-10-31,0.02123647220386197,341
2025-10-31,2025-11-11,0.01445933098475617,340
2025-11-11,2025-11-21,-0.013308470922201304,334
2025-11-21,2025-12-11,0.0019563411765953598,327
2025-12-11,2025-12-23,0.009729006230331811,317
2025-12-23,2025-12-31,0.013797112050384908,310
2025-12-31,2026-01-13,0.07895420140658793,303
2026-01-13,2026-01-21,-0.00804340109340944,302
2026-01-21,2026-02-02,0.004440473060831676,298
2026-02-02,2026-02-11,0.01656399104123093,295
2026-02-11,2026-02-25,0.011618004537493147,290
2026-02-25,2026-03-11,-0.03181263993560937,288
2026-03-11,2026-03-23,-0.06691489612945696,281
2026-03-23,2026-03-31,0.013471080569954476,275
2026-03-31,2026-04-13,0.031099404584390148,272
2026-04-13,2026-04-21,0.032161009870493286,267
2026-04-21,2026-05-06,0.0031196385898959716,264
2026-05-06,2026-05-12,0.02868734876685664,255
2026-05-12,2026-05-21,-0.013530562522247222,256
2026-05-21,2026-06-11,-0.04275819417373784,254
2026-06-11,2026-06-23,0.027892303710401592,242
2026-06-23,2026-07-01,-0.010425871036003207,238
2026-07-01,2026-07-13,-0.006047910105204771,238
