date,jsl_official_index,replica_index,jsl_norm,replica_norm,jsl_daily_return,replica_daily_return,replica_minus_official_daily_return
2025-07-21,2320.813,2221.4004942530137,1.0,1.0,,,
2025-07-22,2331.86,2231.854692843989,1.004759969889862,1.0047061295871778,0.004759969889861937,0.004706129587177754,-5.384030268418272e-05
2025-07-23,2325.331,2225.518538457493,1.0019467315979358,1.001853805387697,-0.0027999108008199824,-0.002838963668563177,-3.90528677431945e-05
2025-07-24,2348.491,2247.6150947264778,1.0119259931756672,1.0118009339339231,0.009959872379458945,0.009928722626727726,-3.114975273121878e-05
2025-07-25,2352.507,2251.421015980291,1.0136564212627213,1.0135142320373762,0.0017100342304909866,0.0016933154002849449,-1.67188302060417e-05
2025-07-28,2338.768,2237.9270699045383,1.0077365130236688,1.0074397100812216,-0.0058401526541684845,-0.005993524081002399,-0.0001533714268339148
2025-07-29,2346.135,2244.970813810088,1.0109108316783817,1.010610567350666,0.0031499490329951474,0.0031474412192755707,-2.507813719576646e-06
2025-07-30,2342.897,2241.6623006116306,1.0095156309448456,1.009121185671398,-0.001380142233929571,-0.0014737444148962275,-9.360218096665651e-05
2025-07-31,2322.233,2221.8480988967103,1.0006118545526934,1.0002014965985893,-0.008819849954991521,-0.008839066307852916,-1.9216352861395336e-05
2025-08-01,2330.918,2230.151353266604,1.0043540776443427,1.0039393432369488,0.0037399347955178186,0.003737093626705157,-2.8411688126617207e-06
2025-08-04,2357.49,2255.498019607279,1.0158035136824897,1.0153495623335274,0.011399800421979522,0.011365446700982051,-3.4353720997470916e-05
2025-08-05,2376.751,2273.7653937206746,1.0241027605412414,1.0235729214984575,0.008170130095992212,0.008099042408636903,-7.108768735530901e-05
2025-08-06,2394.838,2291.012224747107,1.0318961501853015,1.0313368663931544,0.007609968398035738,0.0075851409622391675,-2.482743579657054e-05
2025-08-07,2391.365,2287.689827696319,1.0303996918321294,1.029841234669211,-0.001450202477161433,-0.001450187395292124,1.508186930898603e-08
2025-08-08,2394.832,2290.9688574194056,1.0318935648843746,1.0313173438766996,0.0014497995914468653,0.0014333366715140183,-1.6462919932846987e-05
2025-08-11,2420.984,2315.8797731524137,1.0431620298576403,1.0425314026641426,0.01092018145740492,0.010873528748473804,-4.665270893111639e-05
2025-08-12,2412.486,2307.6184191008083,1.0395003819782118,1.0388124181438012,-0.0035101429831837505,-0.0035672637877742774,-5.712080459052693e-05
2025-08-13,2435.984,2330.082368774446,1.049625282174824,1.0489249348789664,0.00974016015015211,0.009734689881003344,-5.470269148766249e-06
2025-08-14,2419.565,2314.3654966781514,1.0425506061884349,1.0418497261820403,-0.006740192053806493,-0.006745200215630631,-5.008161824138213e-06
2025-08-15,2451.165,2344.5716849410805,1.0561665244033016,1.055447539066784,0.013060198837394177,0.013051606717385145,-8.5921200090322e-06
2025-08-18,2480.285,2372.1159034052635,1.0687138515683943,1.0678470224266925,0.011880065193489608,0.011748081170260827,-0.00013198402322878167
2025-08-19,2489.388,2380.7962071008988,1.0726361839579492,1.0717546040258197,0.0036701427456926616,0.0036593084187726,-1.0834326920061699e-05
2025-08-20,2497.852,2388.7023932885845,1.076283181798792,1.0753137038856333,0.0034000324577767582,0.0033208160211717352,-7.921643660502298e-05
2025-08-21,2507.893,2398.2376857610993,1.0806096828999148,1.0796061727570427,0.004019853858435285,0.003991829413034331,-2.8024445400953724e-05
2025-08-22,2530.314,2419.665375182177,1.0902705215801531,1.0892521998811535,0.00894017408238712,0.008934764701721942,-5.409380665177821e-06
2025-08-25,2544.256,2432.7735297720537,1.0962778991672313,1.0951530514492471,0.005509988088434836,0.00541734188715659,-9.264620127824585e-05
2025-08-26,2542.577,2431.158731324026,1.0955544457911948,1.0944261233459154,-0.0006599178698997177,-0.000663768504657658,-3.850634757940341e-06
2025-08-27,2460.452,2352.6282436064917,1.060168139354614,1.059074331572797,-0.03229990674815353,-0.03230167027175812,-1.7635236045920877e-06
2025-08-28,2460.698,2352.861504855439,1.0602741366926158,1.0591793379638332,9.998162939162114e-05,9.914921729814452e-05,-8.324120934766199e-07
2025-08-29,2443.67,2336.5803074528894,1.0529370526621489,1.0518500889406739,-0.006919987743315037,-0.006919743201608375,2.4454170666210473e-07
2025-09-01,2435.044,2328.1163737519655,1.0492202516962805,1.0480399098564337,-0.003529936529891642,-0.003622359425835664,-9.242289594402209e-05
2025-09-02,2404.143,2298.5679281622693,1.0359055210393944,1.0347381906634556,-0.012690119767856278,-0.012691996810312522,-1.8770424562442045e-06
2025-09-03,2406.691,2301.007640561187,1.0370034121663398,1.0358364673610747,0.001059837122833196,0.0010614053946487179,1.5682718155218822e-06
2025-09-04,2392.901,2287.709223312982,1.031061528869409,1.0298499659253322,-0.005729858964029888,-0.00577938856602922,-4.9529601999331874e-05
2025-09-05,2456.145,2348.1679386951782,1.0583123241726067,1.057066451893805,0.02642984394256187,0.02642762234207452,-2.221600487350983e-06
2025-09-08,2478.177,2369.141302995478,1.067805549176086,1.0665079570859395,0.008970154449350565,0.008931799108011784,-3.835534133878049e-05
2025-09-09,2447.423,2339.7509766179414,1.0545541583919082,1.0532774178591895,-0.012409928750044985,-0.012405476338779864,4.452411265121192e-06
2025-09-10,2428.7,2321.7377888303104,1.0464867268495996,1.0451684848530822,-0.007650087459339816,-0.007698762803240222,-4.8675343900406176e-05
2025-09-11,2466.636,2357.974247334641,1.062832722843245,1.06148092315409,0.015619878947585208,0.01560747241943572,-1.2406528149488949e-05
2025-09-12,2474.455,2365.4459371659873,1.066201800834449,1.0648444273266497,0.003169904274485491,0.0031686901753875674,-1.2140990979236932e-06
2025-09-15,2454.214,2345.9646208822733,1.0574802881576413,1.0560745921104815,-0.008179983066978425,-0.008235790122117281,-5.5807055138856754e-05
2025-09-16,2458.558,2350.0762614670803,1.0593520460286976,1.0579255148033702,0.0017700167956014035,0.0017526439010238093,-1.7372894577594167e-05
2025-09-17,2477.145,2367.844919897172,1.0673608774166639,1.0659243688938689,0.007560122640995148,0.007560885883336921,7.632423417724965e-07
2025-09-18,2460.003,2351.458080838822,1.0599746726685864,1.0585475635403343,-0.006920063217938366,-0.0069205710731520265,-5.078552136605907e-07
2025-09-19,2442.439,2334.646307301199,1.052406635088652,1.0509794669359098,-0.007139828691265948,-0.007149510201613141,-9.681510347192557e-06
2025-09-22,2432.816,2325.3520720612173,1.0482602432854347,1.0467955139458809,-0.00393991415957573,-0.0039810035511228525,-4.108939154712221e-05
2025-09-23,2427.148,2319.806748023672,1.045817995676515,1.0442991950462084,-0.0023298103925655234,-0.0023847244914745325,-5.491409890900911e-05
2025-09-24,2461.638,2352.7725863590763,1.0606791671711593,1.0591393098389665,0.014210093492444509,0.014210596793672314,5.033012278055082e-07
2025-09-25,2469.811,2360.589833676697,1.0642007779170488,1.062658372402356,0.0033201469915560278,0.003322568174647822,2.421183091794177e-06
2025-09-26,2458.302,2349.554210484109,1.0592417398558178,1.05769050495966,-0.004659870735048144,-0.004674943115975272,-1.5072380927128037e-05
2025-09-29,2485.614,2375.442013961941,1.0710100296749459,1.0693443258464417,0.011110107708491412,0.011018176708720517,-9.193099977089503e-05
2025-09-30,2501.845,2390.9553976721513,1.0780036995656261,1.0763279308966542,0.006529976094437728,0.006530735593219594,7.59498781865986e-07
2025-10-09,2515.13,2403.570526720011,1.083727986701212,1.0820068389010848,0.005310081160103897,0.005276187527438525,-3.38936326653716e-05
2025-10-10,2502.479,2391.4686198638315,1.0782768796968991,1.0765589663146296,-0.005029958690008218,-0.005034970566349162,-5.011876340943466e-06
2025-10-13,2492.694,2382.060584423547,1.0740606847686565,1.072323784291116,-0.003910122722308507,-0.003933999117588294,-2.3876395279787133e-05
2025-10-14,2461.037,2351.7648419200464,1.0604202061949841,1.058685657090785,-0.012699914229343912,-0.012718292180142865,-1.8377950798953435e-05
2025-10-15,2476.689,2366.6599020393455,1.0671643945462215,1.0653909135980353,0.00635992063508195,0.006333566968004467,-2.6353667077483323e-05
2025-10-16,2447.34,2338.5398664326062,1.05451839506242,1.0527322166726099,-0.011850095026060936,-0.01188173914744084,-3.164412137990347e-05
2025-10-17,2422.035,2314.3193413686936,1.043614888403331,1.0418289486097039,-0.010339797494422598,-0.010357114459143446,-1.7316964720848205e-05
2025-10-20,2431.215,2322.900000930615,1.0475703988214475,1.0456916737617512,0.0037902012150941022,0.0037076385304919413,-8.256268460216099e-05
2025-10-21,2462.845,2352.8489706592018,1.0611992435409487,1.0591736954890658,0.013009955927385963,0.012892922517796057,-0.00011703340958990616
2025-10-22,2452.107,2342.510623023584,1.0565724166488208,1.054519718116519,-0.004359998294655054,-0.004393969933701891,-3.397163904683698e-05
2025-10-23,2452.426,2342.8025763909595,1.056709868481433,1.054651145730824,0.0001300922023386164,0.00012463267594453598,-5.459526394080427e-06
2025-10-24,2477.465,2366.6179528737903,1.067498760132764,1.065372029490616,0.010209890125125076,0.01016533647470963,-4.4553650415446455e-05
2025-10-27,2494.138,2382.348879174982,1.0746828805250572,1.072453564919229,0.0067298629849461555,0.00664700708540189,-8.28558995442652e-05
2025-10-28,2486.556,2375.0437910438095,1.0714159219204649,1.069165059244511,-0.003039928023228833,-0.003066338517850542,-2.641049462170919e-05
2025-10-29,2502.967,2390.7256214317845,1.0784871508389517,1.076224493339599,0.0065998915769442945,0.0066027542090425495,2.8626320982549913e-06
2025-10-30,2480.19,2368.9837190573994,1.0686729176370522,1.0664370180821505,-0.009100000119857787,-0.009094269195711435,5.730924146352123e-06
2025-10-31,2492.293,2380.542935534711,1.073887900490044,1.0716405896610786,0.0048798680746233725,0.004879398868098184,-4.6920652518878114e-07
2025-11-03,2494.337,2382.2142582535225,1.074768626339132,1.0723929630953761,0.0008201282914970243,0.0007020762759046839,-0.00011805201559234035
2025-11-04,2471.988,2360.6376998155783,1.065138811270016,1.0626799201327204,-0.008959895956320296,-0.00905735425064691,-9.745829432661335e-05
2025-11-05,2489.341,2377.1304896816077,1.0726159324340219,1.0701044209864377,0.007019856083443798,0.006986582425298815,-3.327365814498329e-05
2025-11-06,2505.472,2392.5207875474916,1.0795665139759214,1.0770326169176532,0.006480028248440073,0.0064743176416643955,-5.710606775677363e-06
2025-11-07,2502.49,2389.6157815752636,1.0782816194152651,1.0757248806585935,-0.0011901949013999324,-0.001214203022748217,-2.400812134828456e-05
2025-11-10,2515.553,2401.9290167083914,1.0839102504165565,1.0812678861476908,0.005220000879124331,0.0051528095972863674,-6.719128183796386e-05
2025-11-11,2514.069,2400.446564325509,1.0832708193206433,1.0806005358041944,-0.0005899299279322756,-0.0006171924201632262,-2.7262492230950564e-05
2025-11-12,2506.376,2393.099595066368,1.0799560326489037,1.0772931766502964,-0.0030599796584738215,-0.0030606676975563074,-6.880390824859361e-07
2025-11-13,2534.848,2420.2853869205933,1.0922241473138938,1.0895313083715048,0.011359827894936725,0.011360075406084968,2.4751114824361764e-07
2025-11-14,2517.586,2403.7425062904667,1.0847862365472787,1.0820842583357617,-0.006809875779533958,-0.0068350950344638894,-2.5219254929931267e-05
2025-11-17,2513.482,2399.568305863032,1.0830178907132975,1.0802051732998874,-0.0016301329924776065,-0.0017365422529704855,-0.00010640926049287902
2025-11-18,2500.161,2386.835638332832,1.0772780917721505,1.0744733534127753,-0.005299819135366812,-0.005306232583206505,-6.413447839692665e-06
2025-11-19,2502.536,2389.0210065660845,1.0783014400557045,1.075457132897342,0.0009499388239397888,0.0009155922587025245,-3.4346565237264315e-05
2025-11-20,2497.856,2384.506142221898,1.0762849053327435,1.0734246923915138,-0.0018701029675496361,-0.0018898386961763158,-1.9735728626679716e-05
2025-11-21,2468.381,2356.3590507094127,1.0635846145294772,1.060753815804737,-0.011800119782725771,-0.01180415978558036,-4.040002854588387e-06
2025-11-24,2483.364,2370.567675697703,1.0700405418273682,1.067150062238034,0.006069970559650306,0.006029906598492563,-4.006396115774358e-05
2025-11-25,2490.988,2377.8375307322426,1.0733255975384486,1.0704227071543142,0.0030700292023237985,0.00306671482492038,-3.3143774034183338e-06
2025-11-26,2468.818,2356.6727468860367,1.0637729106136513,1.0608950313025436,-0.008900083019267702,-0.00890085364229587,-7.706230281678828e-07
2025-11-27,2456.474,2344.8773461200267,1.058454084840097,1.055585137478118,-0.004999963545307962,-0.005005107638129114,-5.144092821152135e-06
2025-11-28,2476.445,2363.7924949833537,1.0670592589751953,1.0641001031100525,0.008129945604960609,0.0080665834802085,-6.336212475210878e-05
2025-12-01,2478.203,2365.1908183097535,1.0678167521467692,1.0647295813738855,0.0007098885701075641,0.0005915592546161808,-0.00011832931549138337
2025-12-02,2463.78,2351.3322419791693,1.0616021196020533,1.0584909151061694,-0.005819942918316112,-0.005859390381232732,-3.944746291661971e-05
2025-12-03,2457.916,2345.6991061335148,1.0590754188295222,1.0559550662755655,-0.0023800826372484263,-0.002395720921562816,-1.563828431438985e-05
2025-12-04,2453.762,2341.7300158170387,1.0572855288211502,1.0541683149325525,-0.0016900496192709946,-0.0016920713769714713,-2.021757700476634e-06
2025-12-05,2481.735,2368.4393588679136,1.0693386326257222,1.066191965381886,0.011400046133243524,0.011405816584520334,5.7704512768097516e-06
2025-12-08,2496.998,2382.762125697628,1.0759152073002003,1.0726395946440423,0.006150132870753611,0.00604734369748039,-0.00010278917327322112
2025-12-09,2479.594,2366.164955001042,1.0684161110783161,1.0651681050411885,-0.006969969539422971,-0.006965517253102571,4.452286320399956e-06
2025-12-10,2489.289,2375.241361271443,1.0725935264926558,1.0692539987347762,0.00390991428435461,0.0038359144197523953,-7.399986460221442e-05
2025-12-11,2475.249,2361.7661513259345,1.0665439223237718,1.0631879111560751,-0.005640164721734009,-0.005673196065554942,-3.303134382093287e-05
2025-12-12,2484.457,2370.5637908401704,1.0705114974795469,1.0671483134054653,0.003720029782862344,0.003725025658995351,4.9958761330071155e-06
2025-12-15,2479.339,2365.3092304979064,1.068306235788924,1.064782886569621,-0.0020600074784953293,-0.002216586772550766,-0.0001565792940554367
2025-12-16,2457.496,2344.4443248553766,1.0588944477646411,1.0553902058276703,-0.008810009442032696,-0.008821216851268798,-1.1207409236102528e-05
2025-12-17,2480.498,2366.3085880926296,1.0688056297512982,1.065232763841778,0.009359933851367463,0.00932598953425856,-3.3944317108902666e-05
2025-12-18,2487.443,2372.843650339178,1.0717981155741545,1.0681746296887766,0.0027998409996703444,0.002761711756206875,-3.8129243463469464e-05
2025-12-19,2499.93,2384.7461379878123,1.0771785576864659,1.0735327304362225,0.005020014528976047,0.005016128073559667,-3.886455416379775e-06
2025-12-22,2515.455,2399.335452400286,1.083868023834751,1.0801003504805227,0.006210173884868775,0.006117764142720805,-9.240974214796971e-05
2025-12-23,2505.393,2389.6330666124113,1.0795324741803842,1.0757326618026026,-0.004000071557630713,-0.004043780446860268,-4.3708889229554515e-05
2025-12-24,2530.998,2413.9348415794834,1.0905652458858166,1.0866725058469084,0.010219953516274805,0.0101696680158192,-5.028550045560465e-05
2025-12-25,2556.207,2437.9274372628292,1.1014273877300755,1.0974731677471004,0.009960102694668294,0.009939206009242252,-2.0896685426041728e-05
2025-12-26,2550.404,2432.3816485428342,1.098926970850301,1.0949766396629739,-0.0022701604369286255,-0.0022747964665517095,-4.63602962308407e-06
2025-12-29,2541.452,2423.4983721702783,1.095069701867406,1.0909776865721026,-0.0035100321360850284,-0.0036520898675080904,-0.000142057731423062
2025-12-30,2545.95,2427.6636816095356,1.0970078157955854,1.0928527691832903,0.001769854398194326,0.0017187176550597094,-5.113674313461658e-05
2025-12-31,2551.22,2432.6797450758095,1.0992785717763558,1.095110832724399,0.0020699542410496097,0.002066210202126717,-3.7440389228926563e-06
2026-01-05,2592.677,2471.945907227942,1.1171417085305881,1.112787141995833,0.01624987260996713,0.016141114436297732,-0.00010875817366939877
2026-01-06,2628.171,2505.736198256582,1.132435487046996,1.1279983977401524,0.013690097146694225,0.013669510699986454,-2.058644670777099e-05
2026-01-07,2641.575,2518.507741089332,1.1382110493176312,1.1337477179846518,0.0051001247635713565,0.005096922350260158,-3.2024133111985265e-06
2026-01-08,2660.092,2536.1669732588134,1.1461897188614507,1.1416973120426201,0.00700983314878445,0.00701178395498725,1.9508062027995265e-06
2026-01-09,2690.045,2564.705103290038,1.159095971971891,1.1545442210556753,0.011260136867446757,0.011252464972586251,-7.671894860505901e-06
2026-01-12,2736.179,2608.6841151990097,1.178974350798621,1.1743420972255736,0.017149898979385014,0.01714778508162773,-2.113897757283212e-06
2026-01-13,2700.691,2574.8573405179422,1.16368315758314,1.1591144177645396,-0.01296991169071915,-0.012966987641003458,2.924049715691268e-06
2026-01-14,2710.197,2583.830035163617,1.1677791360182832,1.1631536239630111,0.0035198399224496413,0.003484734670337053,-3.51052521125883e-05
2026-01-15,2713.422,2586.897482624067,1.1691687352664777,1.1645344859320192,0.0011899503984396098,0.0011871707576367463,-2.7796408028635256e-06
2026-01-16,2732.524,2605.1113476458318,1.177399471650667,1.1727337570985137,0.007039819091906763,0.007040814390251393,9.952983446304131e-07
2026-01-19,2748.701,2620.5161646062297,1.184369873833006,1.1796684890391302,0.005920167581327851,0.005913304617216841,-6.862964111009617e-06
2026-01-20,2723.55,2596.5507876870133,1.1735327232310402,1.168880080113672,-0.009150140375399074,-0.009145288719414335,4.851655984738912e-06
2026-01-21,2759.174,2630.506046429594,1.1888825166008634,1.1841655987900324,0.013079987516293023,0.0130770631961441,-2.9243201489226323e-06
2026-01-22,2789.166,2659.1079854078457,1.2018055741673284,1.197041232450981,0.010869919765843061,0.010873169828700346,3.2500628572851298e-06
2026-01-23,2822.022,2690.4142088446333,1.2159626820428875,1.21113424427743,0.011779865379113241,0.011773205002799436,-6.660376313805116e-06
2026-01-26,2780.087,2650.126277373857,1.197893582981481,1.1929979687273862,-0.014859912502453887,-0.014974620390544757,-0.00011470788809087029
2026-01-27,2788.121,2657.6929661318436,1.2013553009225646,1.1964042382305948,0.0028898376201895726,0.002855218191898601,-3.4619428290971754e-05
2026-01-28,2805.547,2674.3187082226004,1.2088638765811808,1.2038885897168619,0.006250087424469752,0.006255704591397793,5.6171669280402625e-06
2026-01-29,2785.964,2655.642484234758,1.2004258852393535,1.1954811800506806,-0.006980100493771846,-0.006983544605367986,-3.4441115961403312e-06
2026-01-30,2739.773,2611.622637203379,1.1805229460538182,1.1756649212782246,-0.016579898376289037,-0.016575968825887966,3.92955040107168e-06
2026-02-02,2669.607,2544.735519496,1.1502895752479843,1.1455545841821348,-0.02561015091396268,-0.025611325600625068,-1.1746866623862928e-06
2026-02-03,2748.814,2620.2427245038293,1.1844185636671285,1.1795453954758093,0.029669910215248896,0.02967192638659122,2.0161713423227923e-06
2026-02-04,2736.334,2608.3484429698324,1.1790411377392318,1.1741909888459519,-0.004540139856680003,-0.004539381570556333,7.582861236699046e-07
2026-02-05,2713.869,2586.93180462211,1.1693613401855298,1.164549936544429,-0.008209889582192709,-0.008210804198896637,-9.146167039286723e-07
2026-02-06,2739.786,2611.6405119204464,1.1805285475391598,1.175672967876357,0.009549834571970894,0.00955135626466408,1.5216926931849173e-06
2026-02-09,2779.924,2649.9019218882495,1.1978233489729675,1.1928969714123194,0.014650049310420465,0.01465033560061757,2.8629019710457726e-07
2026-02-10,2778.951,2648.979469027773,1.1974040993393262,1.1924817140722481,-0.00035000956860686827,-0.0003481083027476739,1.9012658591943676e-06
2026-02-11,2780.507,2650.380871665516,1.1980745540463622,1.1931125785387722,0.0005599235107061062,0.0005290349185897991,-3.088859211630712e-05
2026-02-12,2792.602,2661.913830726852,1.2032860898314512,1.1983043299096632,0.004349926110597702,0.004351434612523741,1.5085019260396848e-06
2026-02-13,2775.735,2645.7908319591343,1.1960183780425222,1.191046296606155,-0.0060398868152352625,-0.006056919867806321,-1.703305257105825e-05
2026-02-24,2803.465,2671.7518295102013,1.2079667771595557,1.2027330670098848,0.009990146753922735,0.009812188188679904,-0.0001779585652428306
2026-02-25,2809.997,2677.810350875789,1.2107813081019452,1.2054604101347566,0.002329973800279106,0.0022676213032475356,-6.235249703157031e-05
2026-02-26,2781.644,2650.7801567118413,1.1985644685720045,1.1932923232751933,-0.010090046359480076,-0.010094140593305045,-4.094233824969429e-06
2026-02-27,2776.275,2645.669038772544,1.1962510551259409,1.1909914693983168,-0.001930153535103618,-0.0019281561039137252,1.9974311898929287e-06
2026-03-02,2765.059,2634.858971481709,1.1914182659266386,1.1861251396577763,-0.004039945610575302,-0.004085948443441789,-4.600283286648743e-05
2026-03-03,2701.186,2573.9983340279687,1.1638964449096072,1.1587277218525704,-0.023100049583028803,-0.023098252359030624,1.7972239981789428e-06
2026-03-04,2695.351,2568.4043622141094,1.1613822397582227,1.1562095033555766,-0.00216016223984572,-0.0021732616295463414,-1.3099389700621522e-05
2026-03-05,2695.836,2568.851518232107,1.1615912182498114,1.1564107979979226,0.00017993945871963568,0.00017409876130725088,-5.840697412384799e-06
2026-03-06,2706.323,2578.790674546781,1.1661098933864984,1.1608850728260713,0.0038900734317666164,0.003869105023833308,-2.0968407933308342e-05
2026-03-09,2694.74,2567.450017958503,1.1611189699471691,1.1557798895790083,-0.004279976928105111,-0.0043976646496408645,-0.00011768772153575302
2026-03-10,2727.616,2598.7625764200848,1.1752846954924847,1.1698757532211526,0.012200063828050167,0.012195975868102726,-4.087959947440822e-06
2026-03-11,2728.953,2600.0393148691464,1.1758607867156896,1.170450498050986,0.0004901716370633302,0.0004912870689481874,1.1154318848571876e-06
2026-03-12,2689.438,2562.376906259865,1.158834425694789,1.1534961448370034,-0.01447991225939027,-0.014485322738735928,-5.410479345657748e-06
2026-03-13,2655.417,2529.9361249500425,1.1441753385559283,1.13889239310752,-0.012649854728013832,-0.012660425260066055,-1.0570532052223136e-05
2026-03-16,2652.682,2527.0611673036146,1.1429968722167618,1.1375981835969586,-0.001029970057433549,-0.0011363755859585822,-0.00010640552852503316
2026-03-17,2600.318,2477.1352051597164,1.1204340892609617,1.1151231898832805,-0.019740021608319225,-0.019756530941896222,-1.6509333576997243e-05
2026-03-18,2637.295,2512.2397351603377,1.136366867989795,1.1309260719351393,0.014220183839053435,0.014171422669017275,-4.8761170036160095e-05
2026-03-19,2584.127,2461.7376812355474,1.1134576547097934,1.1081917410229762,-0.02016005035462476,-0.020102402337636383,5.7648016988376405e-05
2026-03-20,2558.208,2437.0563591694117,1.1022895855891879,1.0970810376041247,-0.010030079790969926,-0.010025975657060315,4.104133909610397e-06
2026-03-23,2521.344,2401.4392261408148,1.0864054966944774,1.0810473988610245,-0.014410087060942711,-0.014614817131572533,-0.00020473007062982163
2026-03-24,2590.58,2467.341537784793,1.116238145856646,1.1107144092963217,0.027459957863742446,0.02744283966323202,-1.711820051042423e-05
2026-03-25,2620.631,2495.794212297832,1.1291866255488916,1.1235228491011424,0.011600104995792337,0.011531713010669797,-6.839198512254008e-05
2026-03-26,2578.57,2455.7382672500717,1.111063235168021,1.1054910060582561,-0.016049951328515832,-0.01604937812997076,5.731985450729837e-07
2026-03-27,2597.265,2473.4955736725296,1.1191186019726707,1.113484749855648,0.00725014252085443,0.007230944217171187,-1.9198303683243267e-05
2026-03-30,2575.344,2452.3648068419907,1.1096732050363385,1.1039723873234497,-0.00844003211070099,-0.008542876346920192,-0.00010284423621920169
2026-03-31,2537.95,2416.7460432482635,1.0935607478930873,1.0879380145546147,-0.014520001988084008,-0.014524251650632203,-4.249662548194699e-06
2026-04-01,2594.572,2470.532186426845,1.1179582327399924,1.1121507323053001,0.022310132193305687,0.022255604112333405,-5.4528080972282567e-05
2026-04-02,2555.109,2432.945366581682,1.1009542776604577,1.0952304066177874,-0.015209830368939525,-0.015214057947379067,-4.2275784395418015e-06
2026-04-03,2560.347,2437.9261855208056,1.1032112453696183,1.0974726042548228,0.002050010390946211,0.0020472383011715944,-2.772089774616404e-06
2026-04-07,2575.427,2452.1199049368365,1.109708968365827,1.1038621406993998,0.005889826652403007,0.0058220464181111264,-6.778023429188096e-05
2026-04-08,2662.502,2534.8004033548855,1.147228148067078,1.1410821281046208,0.033809927441158294,0.03371796715633235,-9.196028482594265e-05
2026-04-09,2654.062,2526.76050877824,1.1435914914299428,1.1374628372124806,-0.0031699506704596647,-0.0031718057824215995,-1.8551119619347745e-06
2026-04-10,2650.798,2523.662169290844,1.1421850877257236,1.1360680686890146,-0.0012298130186860767,-0.0012262101915208046,3.60282716527216e-06
2026-04-13,2635.662,2509.018889986052,1.1356632352541973,1.1294761554600963,-0.00570997865548406,-0.005802392841236292,-9.241418575223204e-05
2026-04-14,2662.467,2534.411540585885,1.1472130671450047,1.1409070751279036,0.010170120447917874,0.01012054978987198,-4.9570658045894334e-05
2026-04-15,2668.937,2540.4818563294475,1.15000088331115,1.1436397276861734,0.002430077067621772,0.002395157868543718,-3.4919199078053964e-05
2026-04-16,2713.135,2582.542866500369,1.1690450717054757,1.162574183800565,0.016560151101356224,0.016556311971340998,-3.839130015226289e-06
2026-04-17,2720.705,2589.632377185023,1.1723068597082142,1.1657656437390116,0.0027901302367923098,0.002745166702406321,-4.496353438598888e-05
2026-04-20,2729.574,2597.717381792848,1.176128365361621,1.1694052416542644,0.003259816848941721,0.0031220665446782814,-0.00013775030426343982
2026-04-21,2719.502,2588.0515919499107,1.1717885068723761,1.1650540272433811,-0.0036899530842542383,-0.003720878148902429,-3.092506464819067e-05
2026-04-22,2740.986,2608.3148584353457,1.1810456077245344,1.174175870214902,0.00789997580439361,0.00782954503243416,-7.043077195945102e-05
2026-04-23,2722.21,2590.346869820929,1.1729553393573717,1.166087284360662,-0.006850089712242213,-0.00688873452386618,-3.8644811623966824e-05
2026-04-24,2710.423,2579.12634057767,1.1678765156865287,1.1610361784154315,-0.004329937807884154,-0.004331670547286448,-1.7327394022936815e-06
2026-04-27,2726.957,2594.781835434308,1.1750007432740164,1.1680837571375668,0.006100154846679029,0.0060700767582915205,-3.0078088387508473e-05
2026-04-28,2699.033,2568.081317218049,1.1629687527603472,1.1560640793328054,-0.010239985448982192,-0.010290082137787815,-5.0096688805623124e-05
2026-04-29,2724.215,2592.030497352282,1.1738192607504354,1.1668451970088805,0.009330008191822836,0.009325709421139639,-4.298770683197617e-06
2026-04-30,2721.409,2589.22836043456,1.1726102016836342,1.165583768948082,-0.0010300214924299222,-0.0010810586220280083,-5.103712959808604e-05
2026-05-06,2765.115,2630.808559465494,1.191442395401956,1.1843017800129514,0.016060063004127434,0.016058915337987312,-1.1476661401221833e-06
2026-05-07,2784.111,2648.866989236782,1.1996274581364375,1.192431079442751,0.0068698770213897475,0.006864212793559199,-5.6642278305485405e-06
2026-05-08,2792.658,2656.9981971795946,1.2033102193067686,1.1960914765498234,0.003069920703592688,0.003069692806717983,-2.278968747049248e-07
2026-05-11,2807.599,2671.212851695818,1.2097480494981716,1.2024904372743743,0.005350100155479209,0.005349892420443592,-2.0773503561777318e-07
2026-05-12,2768.012,2633.5601014593453,1.1926906648661482,1.1855404319359026,-0.014099948033889476,-0.01409575062974433,4.197404145145356e-06
2026-05-13,2783.458,2648.256596090959,1.199346091218896,1.192156300920192,0.005580178120615065,0.005580466769476766,2.886488617015459e-07
2026-05-14,2742.959,2609.7183193079272,1.1818957408459878,1.17480766122972,-0.014549887226608105,-0.014552319756294563,-2.432529686458018e-06
2026-05-15,2728.257,2595.71775763388,1.1755608918081724,1.168505077922357,-0.005359905124356468,-0.005364778861559283,-4.873737202815143e-06
2026-05-18,2729.921,2597.303332249623,1.1762778819318918,1.1692188504365186,0.0006099132156536236,0.0006108424581525718,9.292424989482129e-07
2026-05-19,2779.66,2644.5538884531916,1.197709595732185,1.1904894661250496,0.018219941163132525,0.01819215938965546,-2.7781773477064675e-05
2026-05-20,2769.57,2634.8620429798884,1.1933619813401597,1.1861265223432431,-0.003629940352417038,-0.0036648319081793446,-3.48915557623064e-05
2026-05-21,2730.851,2598.032318871934,1.1766786035755574,1.1695470157647414,-0.013980148542914628,-0.013977856717804493,2.291825110134482e-06
2026-05-22,2752.234,2618.3693563853367,1.1858921851954465,1.1787020679788816,0.007830159902535883,0.007827861634235989,-2.2982682998939907e-06
2026-05-25,2757.326,2623.01418259181,1.1880862439153865,1.180793012956381,0.00185013338255402,0.0017739384992212504,-7.619488333276969e-05
2026-05-26,2738.742,2605.3517758933885,1.1800787051778838,1.172841989831953,-0.0067398631862898295,-0.0067336298887141766,6.233297575652941e-06
2026-05-27,2709.355,2577.3955832350057,1.1674163321215454,1.1602570495068256,-0.010730108933225568,-0.01073029481740384,-1.858841782720333e-07
2026-05-28,2738.508,2605.137057449746,1.1799778784417356,1.1727453307899667,0.010760125564940548,0.010763374623278033,3.249058337484456e-06
2026-05-29,2694.528,2563.314705073702,1.161027622647753,1.1539183104105968,-0.01605983988361548,-0.016053801183491312,6.0387001241668514e-06
2026-06-01,2718.455,2586.078685141415,1.1713373718606366,1.1641658907665955,0.008879848344496732,0.008880680949028719,8.326045319861919e-07
2026-06-02,2729.193,2596.307072602993,1.1759641987527647,1.1687703677566923,0.0039500377972048195,0.003955172563134379,5.134765929559748e-06
2026-06-03,2721.115,2588.6228790473365,1.1724835219382173,1.1653112015345113,-0.002959849303438955,-0.002959662836781618,1.864666573370144e-07
2026-06-04,2705.414,2573.6946719634757,1.1657182202960774,1.158591023375516,-0.005770061169777629,-0.005766852794469091,3.208375308538791e-06
2026-06-05,2697.46,2566.139869495962,1.1622909730340187,1.1551901046816293,-0.0029400306200826343,-0.00293539189003722,4.638730045414263e-06
2026-06-08,2666.277,2536.3759860981945,1.1488547332335695,1.1417914026129254,-0.011560134348609474,-0.011598698789405337,-3.8564440795862964e-05
2026-06-09,2706.165,2574.31965665618,1.1660418137954243,1.1588723705231019,0.014960186057187519,0.014959797272152686,-3.887850348327504e-07
2026-06-10,2666.141,2536.0440110225218,1.148796133079227,1.1416419585678146,-0.014789933355874418,-0.014868256758515774,-7.832340264135595e-05
2026-06-11,2671.9,2541.3472383364665,1.1512775910855377,1.1440292936420908,0.002160050800013913,0.0020911416721851595,-6.890912782875347e-05
2026-06-12,2697.336,2565.4352223761057,1.1622375434815297,1.1548728961811003,0.00951981735843388,0.009478430840252683,-4.138651818119676e-05
2026-06-15,2746.67,2612.3535662303198,1.1834947494692591,1.1759939610118666,0.01828989788443125,0.01828864882066994,-1.2490637613105093e-06
2026-06-16,2767.902,2632.5387240233704,1.1926432676824887,1.185080642069727,0.007730087706204314,0.007726809285688807,-3.2784205155067525e-06
2026-06-17,2756.388,2621.590706310686,1.1876820752038186,1.1801522116759247,-0.004159829358120426,-0.004158729979079734,1.0993790406921278e-06
2026-06-18,2735.247,2601.4884428560727,1.1785727673879798,1.171102846869074,-0.007669820068872735,-0.007667964112865966,1.8559560067687997e-06
2026-06-22,2734.208,2600.2236772098595,1.1781250794441431,1.1705334917935326,-0.0003798560056915701,-0.0004861700038246708,-0.00010631399813310072
2026-06-23,2714.084,2580.850359957428,1.1694539801354094,1.1618122741191186,-0.007360083797575134,-0.0074506348904644915,-9.055109288935714e-05
2026-06-24,2716.798,2583.42493168153,1.1706233979213316,1.162971259961952,0.0009999690503315062,0.0009975672220470244,-2.4018282844817662e-06
2026-06-25,2686.968,2555.056599193356,1.1577701434798926,1.1502007881080174,-0.01097983729375529,-0.010980900640960134,-1.0633472048438009e-06
2026-06-26,2658.513,2527.991516986099,1.1455093538341952,1.13801699582145,-0.010590003304840279,-0.01059275251115821,-2.7492063179312964e-06
2026-06-29,2655.722,2525.0976251819566,1.1443067580197113,1.1367142627881095,-0.001049835001747157,-0.0011447395233322721,-9.49045215851152e-05
2026-06-30,2701.905,2568.913108551058,1.1642062501373442,1.1564385238938653,0.01738999789887652,0.01735199579301172,-3.800210586479835e-05
2026-07-01,2723.871,2589.5636000280488,1.1736710368306278,1.1657346825696266,0.008129819516230263,0.008038610340011854,-9.120917621840974e-05
2026-07-02,2715.754,2581.8293004573225,1.1701735555600559,1.1622529602999434,-0.002979950225249328,-0.002986719295344775,-6.769070095447027e-06
2026-07-03,2738.295,2603.21367013703,1.1798861002588317,1.1718794863293698,0.008300089036046732,0.008282642727743372,-1.744630830335936e-05
2026-07-06,2736.762,2601.4454156421634,1.1792255558720155,1.1710834774604417,-0.0005598374170788789,-0.0006792583010574171,-0.00011942088397853823
2026-07-07,2707.862,2573.8269372719974,1.1667730230742417,1.1586505647814278,-0.010559924465481485,-0.010616589609799054,-5.6665144317569194e-05
2026-07-08,2693.402,2560.0135916264094,1.1605424478404767,1.1524322598511263,-0.0053400062484720845,-0.005366850989689587,-2.6844741217502133e-05
2026-07-09,2711.609,2577.295774164068,1.168387543503074,1.1602121188105392,0.0067598524097034485,0.006750816712140617,-9.035697562831402e-06
2026-07-10,2708.87,2574.6176118929307,1.1672073536299563,1.1590064999777057,-0.0010101013826108174,-0.0010391365624328186,-2.903517982200121e-05
2026-07-13,2661.411,2529.502247959652,1.146758054181875,1.1386970762380437,-0.01751985145097401,-0.01752313187204091,-3.280421066897965e-06
2026-07-14,2695.637,2562.0373204460625,1.161505472435737,1.1533432746928394,0.01286009564099655,0.012862242962090376,2.1473210938260934e-06
2026-07-15,2688.224,2554.7521646050154,1.1583113331405848,1.150063741866636,-0.0027499993508027787,-0.002843501061795095,-9.350171099231641e-05
2026-07-16,2675.536,2542.686831981538,1.152844283447223,1.144632333773097,-0.004719844774840221,-0.004722701791053274,-2.857016213053676e-06
2026-07-17,2643.965,2512.662105840181,1.1392408608535027,1.131116209049512,-0.011799878603763858,-0.011808267445172715,-8.388841408857317e-06
