bond_code,bond_name,record_date,redeem_date,holder_cash_date,price,lag_days,status,announcement_title,announcement_url
123008,康泰转债,2019-05-06,2019-05-07,2019-05-14,100.13,7,ok,关于“康泰转债”赎回结果的公告,https://static.cninfo.com.cn/finalpage/2019-05-15/1206267149.PDF
123009,星源转债,2020-03-19,2020-03-20,2020-03-27,100.03,7,scheduled_only,可转换公司债券摘牌公告,https://static.cninfo.com.cn/finalpage/2020-03-27/1207417210.PDF
123016,洲明转债,2020-03-11,2020-03-12,2020-03-19,100.28,7,ok,关于“洲明转债”赎回结果公告,https://static.cninfo.com.cn/finalpage/2020-03-19/1207386643.PDF
123017,寒锐转债,2021-02-23,2021-02-24,2021-03-03,100.26,7,ok,关于“寒锐转债“赎回结果的公告,https://static.cninfo.com.cn/finalpage/2021-03-03/1209330951.PDF
123019,中来转债,2020-03-25,2020-03-26,2020-04-02,100.06,7,ok,关于“中来转债”赎回结果的公告,https://static.cninfo.com.cn/finalpage/2020-04-03/1207451881.PDF
123020,富祥转债,2020-09-03,2020-09-04,2020-09-11,100.41,7,ok,关于“富祥转债”赎回结果的公告,https://static.cninfo.com.cn/finalpage/2020-09-11/1208428469.PDF
123021,万信转2,2020-04-13,2020-04-14,2020-04-21,100.07,7,ok,关于“万信转2”赎回结果的公告,https://static.cninfo.com.cn/finalpage/2020-04-22/1207549916.PDF
123023,迪森转债,2022-09-22,2022-09-23,2022-09-30,100.77,7,ok,关于迪森转债赎回结果的公告,https://static.cninfo.com.cn/finalpage/2022-10-10/1214723222.PDF
123024,岱勒转债,2022-03-21,2022-03-22,2022-03-29,100.004,7,manual_official,岱勒转债赎回实施公告,https://disc.static.szse.cn/download/disc/disk03/finalpage/2022-03-08/e63f614e-94ba-4adb-a071-f3f694b03445.PDF
123026,中环转债,2020-12-14,2020-12-15,2020-12-22,100.41,7,ok,关于“中环转债”赎回结果的公告,https://static.cninfo.com.cn/finalpage/2020-12-22/1208964794.PDF
123027,蓝晓转债,2022-10-21,2022-10-24,2022-10-31,100.74,7,ok,关于蓝晓转债赎回结果的公告,https://static.cninfo.com.cn/finalpage/2022-11-01/1214985481.PDF
123028,清水转债,2021-11-29,2021-11-30,2021-12-07,100.67,7,ok,关于清水转债赎回结果的公告,https://static.cninfo.com.cn/finalpage/2021-12-08/1211836295.PDF
123030,九洲转债,2021-09-14,2021-09-15,2021-09-24,100.07,9,ok,关于九洲转债赎回结果的公告,https://static.cninfo.com.cn/finalpage/2021-09-24/1211145151.PDF
123032,万里转债,2020-11-30,2020-12-01,2020-12-08,100.21,7,ok,关于“万里转债”赎回结果的公告,https://static.cninfo.com.cn/finalpage/2020-12-08/1208870483.PDF
123033,金力转债,2021-08-30,2021-08-31,2021-09-07,100.83,7,ok,关于“金力转债”赎回结果的公告,https://static.cninfo.com.cn/finalpage/2021-09-08/1210982768.PDF
123035,利德转债,2025-01-09,2025-01-10,2025-01-17,100.31,7,ok,关于利德转债赎回结果的公告,https://static.cninfo.com.cn/finalpage/2025-01-20/1222366726.PDF
123036,先导转债,2020-12-09,2020-12-10,2020-12-17,100.3,7,ok,关于“先导转债”赎回结果的公告,https://static.cninfo.com.cn/finalpage/2020-12-18/1208927771.PDF
123037,新莱转债,2020-09-10,2020-09-11,2020-09-18,100.37,7,ok,关于“新莱转债”赎回结果的公告,https://static.cninfo.com.cn/finalpage/2020-09-18/1208461531.PDF
123038,联得转债,2025-08-11,2025-08-12,2025-08-19,101.7,7,ok,关于联得转债赎回结果的公告,https://static.cninfo.com.cn/finalpage/2025-08-19/1224518378.PDF
123040,乐普转债,2020-08-19,2020-08-20,2020-08-27,100.19,7,ok,关于“乐普转债”赎回结果的公告,https://static.cninfo.com.cn/finalpage/2020-08-28/1208280276.PDF
123041,东财转2,2020-08-27,2020-08-28,2020-09-04,100.12,7,ok,关于“东财转2”赎回结果的公告,https://static.cninfo.com.cn/finalpage/2020-09-05/1208400339.PDF
123042,银河转债,2022-02-24,2022-02-25,2022-03-04,100.13,7,ok,关于“银河转债”赎回结果的公告,https://static.cninfo.com.cn/finalpage/2022-03-07/1212511968.PDF
123043,正元转债,2022-02-17,2022-02-18,2022-02-25,100.67,7,ok,关于“正元转债”赎回结果的公告,https://static.cninfo.com.cn/finalpage/2022-02-28/1212458366.PDF
123044,红相转债,2024-12-02,2024-12-03,2024-12-10,102.19,7,ok,关于红相转债赎回结果的公告,https://static.cninfo.com.cn/finalpage/2024-12-10/1221984335.PDF
123045,雷迪转债,2022-08-31,2022-09-01,2022-09-08,100.56,7,ok,关于雷迪转债赎回结果的公告,https://static.cninfo.com.cn/finalpage/2022-09-08/1214568286.PDF
123046,天铁转债,2023-09-28,2023-10-09,2023-10-16,100.838,7,ok,浙江天铁实业股份有限公司关于天铁转债赎回结果的公告,https://static.cninfo.com.cn/finalpage/2023-10-17/1218048963.PDF
123047,久吾转债,2021-10-20,2021-10-21,2021-10-28,100.47,7,ok,关于“久吾转债”赎回结果的公告,https://static.cninfo.com.cn/finalpage/2021-10-29/1211421867.PDF
123048,应急转债,2025-08-27,2025-08-28,2025-09-04,100.77,7,ok,关于应急转债赎回结果的公告,https://static.cninfo.com.cn/finalpage/2025-09-04/1224639850.PDF
123050,聚飞转债,2024-11-28,2024-11-29,2024-12-06,101.57,7,ok,关于聚飞转债赎回结果的公告,https://static.cninfo.com.cn/finalpage/2024-12-09/1221957894.PDF
123051,今天转债,2021-10-14,2021-10-15,2021-10-22,100.29,7,ok,关于今天转债赎回结果的公告,https://static.cninfo.com.cn/finalpage/2021-10-22/1211363294.PDF
123052,飞鹿转债,2025-08-08,2025-08-11,2025-08-18,100.55,7,ok,关于飞鹿转债赎回结果的公告,https://static.cninfo.com.cn/finalpage/2025-08-19/1224502805.pdf
123053,宝通转债,2021-12-30,2021-12-31,2022-01-10,100.458,10,ok,关于宝通转债赎回结果的公告,https://static.cninfo.com.cn/finalpage/2022-01-11/1212135914.PDF
123054,思特转债,2026-05-28,2026-05-29,2026-06-05,102.9,7,ok,关于思特转债赎回结果的公告,https://static.cninfo.com.cn/finalpage/2026-06-08/1225358506.PDF
123055,晨光转债,2021-02-24,2021-02-25,2021-03-04,100.35,7,ok,关于“晨光转债”赎回结果的公告,https://static.cninfo.com.cn/finalpage/2021-03-05/1209337906.PDF
123056,雪榕转债,2025-10-14,2025-10-15,2025-10-22,100.93,7,ok,上海雪榕生物科技股份有限公司关于雪榕转债赎回结果的公告,https://static.cninfo.com.cn/finalpage/2025-10-23/1224726346.PDF
123057,美联转债,2023-04-12,2023-04-13,2023-04-20,100.784,7,ok,关于美联转债赎回结果的公告,https://static.cninfo.com.cn/finalpage/2023-04-20/1216495084.PDF
123058,欣旺转债,2021-07-05,2021-07-06,2021-07-13,100.39,7,ok,欣2021-075：关于欣旺转债赎回结果的公告,https://static.cninfo.com.cn/finalpage/2021-07-14/1210475761.PDF
123060,苏试转债,2023-01-12,2023-01-13,2023-01-20,100.48,7,ok,关于苏试转债赎回结果的公告,https://static.cninfo.com.cn/finalpage/2023-01-30/1215684435.PDF
123061,航新转债,2026-07-07,2026-07-08,2026-07-15,102.885,7,ok,关于航新转债赎回结果的公告,https://static.cninfo.com.cn/finalpage/2026-07-16/1225425958.PDF
123062,三超转债,2022-09-14,2022-09-15,2022-09-22,100.14,7,ok,关于“三超转债”赎回结果的公告,https://static.cninfo.com.cn/finalpage/2022-09-23/1214649809.PDF
123063,大禹转债,2025-08-20,2025-08-21,2025-08-28,100.2,7,scheduled_only,关于大禹转债摘牌的公告,https://static.cninfo.com.cn/finalpage/2025-08-29/1224612778.PDF
123066,赛意转债,2021-08-13,2021-08-16,2021-08-23,100.37,7,ok,关于赛意转债赎回结果的公告,https://static.cninfo.com.cn/finalpage/2021-08-24/1210828449.PDF
123067,斯莱转债,2025-03-20,2025-03-21,2025-03-28,101.267,7,ok,关于斯莱转债赎回结果暨股份变动的公告,https://static.cninfo.com.cn/finalpage/2025-03-31/1222944830.PDF
123068,弘信转债,2021-10-11,2021-10-12,2021-10-19,100.397,7,ok,关于弘信转债赎回结果的公告,https://static.cninfo.com.cn/finalpage/2021-10-20/1211324884.PDF
123069,金诺转债,2021-11-05,2021-11-08,2021-11-15,100.04,7,ok,关于金诺转债赎回结果的公告,https://static.cninfo.com.cn/finalpage/2021-11-16/1211586609.PDF
123070,鹏辉转债,2022-07-28,2022-07-29,2022-08-05,100.39,7,ok,关于“鹏辉转债”赎回结果的公告,https://static.cninfo.com.cn/finalpage/2022-08-05/1214231977.PDF
123073,同和转债,2022-08-15,2022-08-16,2022-08-23,100.56,7,ok,关于同和转债赎回结果的公告,https://static.cninfo.com.cn/finalpage/2022-08-23/1214368705.PDF
123074,隆利转债,2021-12-15,2021-12-16,2021-12-23,100.08,7,ok,关于隆利转债赎回结果的公告,https://static.cninfo.com.cn/finalpage/2021-12-24/1212002965.PDF
123075,贝斯转债,2023-07-27,2023-07-28,2023-08-04,100.734,7,ok,关于贝斯转债赎回结果的公告,https://static.cninfo.com.cn/finalpage/2023-08-07/1217469082.PDF
123077,汉得转债,2023-04-27,2023-04-28,2023-05-10,100.43,12,ok,关于汉得转债赎回结果的公告,https://static.cninfo.com.cn/finalpage/2023-05-10/1216791688.PDF
123078,飞凯转债,2025-05-21,2025-05-22,2025-05-29,100.87,7,ok,关于“飞凯转债”赎回结果的公告,https://static.cninfo.com.cn/finalpage/2025-05-30/1223719531.PDF
123079,运达转债,2021-09-08,2021-09-09,2021-09-16,100.23,7,ok,关于运达转债赎回结果的公告,https://static.cninfo.com.cn/finalpage/2021-09-17/1211075405.PDF
123081,精研转债,2021-12-17,2021-12-20,2021-12-27,100.03,7,ok,关于精研转债赎回结果的公告,https://static.cninfo.com.cn/finalpage/2021-12-28/1212033428.PDF
123082,北陆转债,2025-08-04,2025-08-05,2025-08-12,101.64,7,ok,关于北陆转债赎回结果的公告,https://static.cninfo.com.cn/finalpage/2025-08-13/1224461288.PDF
123083,朗新转债,2023-04-20,2023-04-21,2023-04-28,100.36,7,ok,关于朗新转债赎回结果的公告,https://static.cninfo.com.cn/finalpage/2023-04-28/1216690573.PDF
123084,高澜转债,2022-08-19,2022-08-22,2022-08-29,100.49,7,ok,关于“高澜转债”赎回结果的公告,https://static.cninfo.com.cn/finalpage/2022-08-30/1214448857.PDF
123085,万顺转2,2026-05-15,2026-05-18,2026-05-25,100.87,7,ok,关于万顺转2赎回结果的公告,https://static.cninfo.com.cn/finalpage/2026-05-26/1225328954.PDF
123086,海兰转债,2022-08-23,2022-08-24,2022-08-31,100.42,7,ok,关于“海兰转债”赎回结果的公告,https://static.cninfo.com.cn/finalpage/2022-08-31/1214496027.PDF
123087,明电转债,2025-09-05,2025-09-08,2025-09-15,101.83,7,ok,关于“明电转债”赎回结果的公告,https://static.cninfo.com.cn/finalpage/2025-09-16/1224664921.PDF
123089,九洲转2,2025-10-14,2025-10-15,2025-10-22,102.04,7,ok,关于九洲转2赎回结果的公告,https://static.cninfo.com.cn/finalpage/2025-10-23/1224724751.PDF
123093,金陵转债,2025-07-17,2025-07-18,2025-07-25,101.726,7,manual_official,金陵转债赎回结果公告,https://static.cninfo.com.cn/finalpage/2025-07-26/1224299451.PDF
123094,星源转2,2021-09-06,2021-09-07,2021-09-14,100.25,7,ok,关于“星源转2”赎回结果的公告,https://static.cninfo.com.cn/finalpage/2021-09-15/1211054810.PDF
123096,思创转债,2024-11-21,2024-11-22,2024-11-29,101.24,7,ok,关于”思创转债“赎回结果的公告,https://static.cninfo.com.cn/finalpage/2024-11-29/1221890683.PDF
123097,美力转债,2022-09-07,2022-09-08,2022-09-16,100.43,8,ok,关于美力转债赎回结果的公告,https://static.cninfo.com.cn/finalpage/2022-09-16/1214609571.PDF
123098,一品转债,2023-07-24,2023-07-25,2023-08-01,100.488,7,scheduled_only,关于一品转债即将停止转股暨赎回前最后半个交易日的重要提示性公告,https://static.cninfo.com.cn/finalpage/2023-07-24/1217372510.PDF
123100,朗科转债,2025-04-08,2025-04-09,2025-04-16,100.32,7,manual_official,朗科转债赎回实施公告,https://static.cninfo.com.cn/finalpage/2025-04-02/1222990615.PDF
123101,拓斯转债,2024-12-16,2024-12-17,2024-12-24,101.16,7,ok,关于拓斯转债赎回结果的公告,https://static.cninfo.com.cn/finalpage/2024-12-24/1222128507.PDF
123102,华自转债,2021-11-18,2021-11-19,2021-11-26,100.276,7,ok,关于“华自转债“赎回结果的公告,https://static.cninfo.com.cn/finalpage/2021-11-25/1211704995.PDF
123103,震安转债,2024-12-25,2024-12-26,2025-01-03,101.43,8,ok,震安科技股份有限公司关于震安转债赎回结果的公告,https://static.cninfo.com.cn/finalpage/2025-01-04/1222224229.PDF
123105,拓尔转债,2023-03-07,2023-03-08,2023-03-15,100.58,7,ok,关于拓尔转债赎回结果的公告,https://static.cninfo.com.cn/finalpage/2023-03-15/1216127696.PDF
123106,正丹转债,2024-06-06,2024-06-07,2024-06-17,100.31,10,ok,关于正丹转债赎回结果的公告,https://static.cninfo.com.cn/finalpage/2024-06-18/1220376219.PDF
123110,九典转债,2022-11-25,2022-11-28,2022-12-05,100.4,7,ok,关于九典转债赎回结果的公告,https://static.cninfo.com.cn/finalpage/2022-12-06/1215284900.PDF
123111,东财转3,2022-02-28,2022-03-01,2022-03-08,100.18,7,ok,东方财富信息股份有限公司关于东财转3赎回结果的公告,https://static.cninfo.com.cn/finalpage/2022-03-09/1212529408.PDF
123115,捷捷转债,2024-11-27,2024-11-28,2024-12-05,100.7,7,ok,江苏捷捷微电子股份有限公司关于捷捷转债赎回结果的公告,https://static.cninfo.com.cn/finalpage/2024-12-06/1221955536.PDF
123116,万兴转债,2023-05-17,2023-05-18,2023-05-25,100.66,7,ok,关于万兴转债赎回结果的公告,https://static.cninfo.com.cn/finalpage/2023-05-26/1216908989.PDF
123120,隆华转债,2025-08-29,2025-09-01,2025-09-08,100.22,7,ok,关于隆华转债赎回结果的公告,https://static.cninfo.com.cn/finalpage/2025-09-08/1224644878.PDF
123121,帝尔转债,2026-06-02,2026-06-03,2026-06-10,102.068,7,ok,关于帝尔转债赎回结果的公告,https://static.cninfo.com.cn/finalpage/2026-06-11/1225363564.PDF
123123,江丰转债,2022-12-21,2022-12-22,2022-12-29,100.22,7,ok,关于江丰转债赎回结果的公告,https://static.cninfo.com.cn/finalpage/2022-12-29/1215482579.PDF
123125,元力转债,2023-01-06,2023-01-09,2023-01-16,100.1,7,ok,关于元力转债赎回结果的公告,https://static.cninfo.com.cn/finalpage/2023-01-17/1215626628.PDF
123126,瑞丰转债,2026-05-29,2026-06-01,2026-06-08,102.532,7,ok,关于瑞丰转债赎回结果的公告,https://static.cninfo.com.cn/finalpage/2026-06-09/1225357288.PDF
123127,耐普转债,2025-03-03,2025-03-04,2025-03-11,100.621,7,ok,关于耐普转债赎回结果的公告,https://static.cninfo.com.cn/finalpage/2025-03-12/1222768827.PDF
123128,首华转债,2026-03-05,2026-03-06,2026-03-13,100.616,7,manual_official,首华转债赎回结果公告,https://static.cninfo.com.cn/finalpage/2026-03-16/1225008823.PDF
123129,锦鸡转债,2026-05-08,2026-05-11,2026-05-18,101.18,7,ok,关于锦鸡转债赎回结果的公告,https://static.cninfo.com.cn/finalpage/2026-05-18/1225314464.PDF
123130,设研转债,2025-09-11,2025-09-12,2025-09-19,101.25,7,ok,关于设研转债赎回结果的公告,https://static.cninfo.com.cn/finalpage/2025-09-22/1224672697.PDF
123132,回盛转债,2025-05-20,2025-05-21,2025-05-28,100.64,7,scheduled_only,关于“回盛转债”摘牌的公告,https://static.cninfo.com.cn/finalpage/2025-05-29/1223715482.PDF
123134,卡倍转债,2023-03-14,2023-03-15,2023-03-22,100.13,7,ok,关于卡倍转债赎回结果的公告,https://static.cninfo.com.cn/finalpage/2023-03-22/1216188537.PDF
123135,泰林转债,2024-12-12,2024-12-13,2024-12-20,101.15,7,ok,关于“泰林转债”赎回结果的公告,https://static.cninfo.com.cn/finalpage/2024-12-23/1222091737.PDF
123136,城市转债,2023-07-04,2023-07-05,2023-07-12,100.23,7,ok,关于城市转债赎回结果的公告,https://static.cninfo.com.cn/finalpage/2023-07-13/1217282967.PDF
123137,锦浪转债,2022-09-26,2022-09-27,2022-10-11,100.19,14,ok,关于锦浪转债赎回结果的公告,https://static.cninfo.com.cn/finalpage/2022-10-12/1214750651.PDF
123139,铂科转债,2022-11-30,2022-12-01,2022-12-08,100.29,7,ok,关于铂科转债赎回结果的公告,https://static.cninfo.com.cn/finalpage/2022-12-09/1215304113.PDF
123140,天地转债,2023-11-03,2023-11-06,2023-11-13,100.45,7,ok,关于天地转债赎回结果的公告,https://static.cninfo.com.cn/finalpage/2023-11-14/1218329840.PDF
123141,宏丰转债,2025-08-28,2025-08-29,2025-09-05,100.92,7,ok,关于“宏丰转债”赎回结果的公告,https://static.cninfo.com.cn/finalpage/2025-09-05/1224642279.PDF
123143,胜蓝转债,2024-12-03,2024-12-04,2024-12-11,100.68,7,ok,关于胜蓝转债赎回结果的公告,https://static.cninfo.com.cn/finalpage/2024-12-12/1222007290.PDF
123145,药石转债,2025-09-17,2025-09-18,2025-09-25,100.62,7,ok,关于药石转债赎回结果的公告,https://static.cninfo.com.cn/finalpage/2025-09-26/1224682809.PDF
123146,中环转2,2026-04-09,2026-04-10,2026-04-17,101.486,7,ok,关于中环转2赎回结果的公告,https://static.cninfo.com.cn/finalpage/2026-04-17/1225116880.PDF
123147,中辰转债,2025-10-17,2025-10-20,2025-10-27,100.58,7,ok,关于中辰转债赎回结果的公告,https://static.cninfo.com.cn/finalpage/2025-10-27/1224742351.PDF
123148,上能转债,2023-05-29,2023-05-30,2023-06-06,100.29,7,ok,关于上能转债赎回结果的公告,https://static.cninfo.com.cn/finalpage/2023-06-07/1217002283.PDF
123152,润禾转债,2025-04-11,2025-04-14,2025-04-21,100.87,7,ok,润禾材料关于润禾转债赎回结果的公告,https://static.cninfo.com.cn/finalpage/2025-04-21/1223187479.PDF
123153,英力转债,2024-07-18,2024-07-19,2024-07-26,100.6,7,ok,关于英力转债赎回结果的公告,https://static.cninfo.com.cn/finalpage/2024-07-26/1220740130.PDF
123156,博汇转债,2025-08-19,2025-08-20,2025-08-27,100.02,7,ok,关于博汇转债赎回结果的公告,https://static.cninfo.com.cn/finalpage/2025-08-28/1224589474.PDF
123159,崧盛转债,2026-02-05,2026-02-06,2026-02-13,100.54,7,ok,关于“崧盛转债”赎回结果的公告,https://static.cninfo.com.cn/finalpage/2026-02-24/1224983198.PDF
123161,强联转债,2025-09-30,2025-10-09,2025-10-16,100.99,7,ok,关于强联转债赎回结果的公告,https://static.cninfo.com.cn/finalpage/2025-10-17/1224717212.PDF
123162,东杰转债,2025-09-25,2025-09-26,2025-10-13,100.95,17,ok,关于东杰转债赎回结果的公告,https://static.cninfo.com.cn/finalpage/2025-10-14/1224709716.PDF
123163,金沃转债,2025-01-15,2025-01-16,2025-01-23,100.26,7,ok,关于金沃转债赎回结果的公告,https://static.cninfo.com.cn/finalpage/2025-01-24/1222418836.PDF
123164,法本转债,2024-01-04,2024-01-05,2024-01-12,100.12,7,ok,关于法本转债赎回结果的公告,https://static.cninfo.com.cn/finalpage/2024-01-15/1218867822.PDF
123166,蒙泰转债,2025-10-29,2025-10-30,2025-11-06,101.19,7,ok,关于蒙泰转债赎回结果的公告,https://static.cninfo.com.cn/finalpage/2025-11-07/1224791370.PDF
123167,商络转债,2024-04-24,2024-04-25,2024-05-07,100.26,12,ok,关于商络转债赎回结果的公告,https://static.cninfo.com.cn/finalpage/2024-05-08/1219996335.PDF
123169,正海转债,2025-09-19,2025-09-22,2025-09-29,100.5,7,ok,关于正海转债赎回结果的公告,https://static.cninfo.com.cn/finalpage/2025-09-29/1224688474.PDF
123170,南电转债,2024-11-15,2024-11-18,2024-11-25,100.39,7,ok,关于南电转债赎回结果的公告,https://static.cninfo.com.cn/finalpage/2024-11-25/1221835470.PDF
123174,精锻转债,2025-07-30,2025-07-31,2025-08-07,100.45,7,ok,关于精锻转债赎回结果的公告,https://static.cninfo.com.cn/finalpage/2025-08-08/1224426006.PDF
123177,测绘转债,2025-12-12,2025-12-15,2025-12-22,100.79,7,ok,关于测绘转债赎回结果的公告,https://static.cninfo.com.cn/finalpage/2025-12-22/1224890272.PDF
123181,亚康转债,2023-11-21,2023-11-22,2023-11-29,100.27,7,ok,关于亚康转债赎回结果的公告,https://static.cninfo.com.cn/finalpage/2023-11-30/1218478797.PDF
123182,广联转债,2026-03-06,2026-03-09,2026-03-16,100.96,7,ok,关于广联转债赎回结果公告,https://static.cninfo.com.cn/finalpage/2026-03-17/1225011407.PDF
123184,天阳转债,2025-07-10,2025-07-11,2025-07-18,100.24,7,ok,关于“天阳转债”赎回结果的公告,https://static.cninfo.com.cn/finalpage/2025-07-18/1224215621.PDF
123185,能辉转债,2025-12-23,2025-12-24,2025-12-31,100.73,7,ok,关于“能辉转债”赎回结果的公告,https://static.cninfo.com.cn/finalpage/2026-01-05/1224915163.PDF
123186,志特转债,2025-08-07,2025-08-08,2025-08-15,100.36,7,ok,关于“志特转债”赎回结果的公告,https://static.cninfo.com.cn/finalpage/2025-08-15/1224498512.PDF
123190,道氏转02,2025-04-14,2025-04-15,2025-04-22,100.02,7,ok,关于道氏转02赎回结果和实际控制人持股比例被动稀释的公告,https://static.cninfo.com.cn/finalpage/2025-04-23/1223245971.PDF
123191,智尚转债,2025-03-25,2025-03-26,2025-04-02,100.38,7,ok,关于“智尚转债”赎回结果的公告,https://static.cninfo.com.cn/finalpage/2025-04-03/1223005176.PDF
123197,光力转债,2026-04-07,2026-04-08,2026-04-15,101.101,7,manual_official,光力转债赎回实施公告,https://static.cninfo.com.cn/finalpage/2026-04-07/1225081389.PDF
123198,金埔转债,2026-06-22,2026-06-23,2026-06-30,100.062,7,ok,金埔转债赎回结果公告,https://static.cninfo.com.cn/finalpage/2026-07-01/1225399620.PDF
123200,海泰转债,2025-09-29,2025-09-30,2025-10-15,100.26,15,ok,关于海泰转债赎回结果的公告,https://static.cninfo.com.cn/finalpage/2025-10-16/1224712884.PDF
123201,纽泰转债,2025-11-04,2025-11-05,2025-11-12,100.36,7,ok,关于纽泰转债赎回结果的公告,https://static.cninfo.com.cn/finalpage/2025-11-13/1224803940.PDF
123202,祥源转债,2024-12-25,2024-12-26,2025-01-03,100.19,8,ok,关于祥源转债赎回结果的公告,https://static.cninfo.com.cn/finalpage/2025-01-03/1222223898.PDF
123203,明电转02,2025-12-11,2025-12-12,2025-12-19,100.44,7,ok,关于“明电转02”赎回结果的公告,https://static.cninfo.com.cn/finalpage/2025-12-20/1224888253.PDF
123204,金丹转债,2025-07-10,2025-07-11,2025-07-18,100.4,7,ok,关于金丹转债赎回结果的公告,https://static.cninfo.com.cn/finalpage/2025-07-21/1224236116.PDF
123205,大叶转债,2024-11-29,2024-12-02,2024-12-09,100.15,7,manual_official,大叶转债赎回结果公告,https://static.cninfo.com.cn/finalpage/2024-12-09/1221970468.PDF
123206,开能转债,2025-09-01,2025-09-02,2025-09-09,100.118,7,ok,关于开能转债赎回结果的公告,https://static.cninfo.com.cn/finalpage/2025-09-09/1224647619.PDF
123208,孩王转债,2024-11-15,2024-11-18,2024-11-25,100.16,7,ok,关于“孩王转债”赎回结果的公告,https://static.cninfo.com.cn/finalpage/2024-11-26/1221836723.PDF
123210,信服转债,2026-03-16,2026-03-17,2026-03-24,100.51,7,ok,深信服科技股份有限公司关于信服转债赎回结果的公告,https://static.cninfo.com.cn/finalpage/2026-03-25/1225027859.PDF
123212,立中转债,2025-12-16,2025-12-17,2025-12-24,100.39,7,ok,关于立中转债赎回结果的公告,https://static.cninfo.com.cn/finalpage/2025-12-25/1224895832.PDF
123217,富仕转债,2025-11-03,2025-11-04,2025-11-11,100.19,7,scheduled_only,关于富仕转债摘牌的公告,https://static.cninfo.com.cn/finalpage/2025-11-12/1224797831.PDF
123218,宏昌转债,2025-06-16,2025-06-17,2025-06-24,100.42,7,ok,关于宏昌转债赎回结果的公告,https://static.cninfo.com.cn/finalpage/2025-06-25/1223974198.PDF
123219,宇瞳转债,2024-12-18,2024-12-19,2024-12-26,100.18,7,ok,关于宇瞳转债赎回结果的公告,https://static.cninfo.com.cn/finalpage/2024-12-27/1222156669.PDF
123221,力诺转债,2026-03-12,2026-03-13,2026-03-20,100.55,7,ok,关于力诺转债赎回结果的公告,https://static.cninfo.com.cn/finalpage/2026-03-23/1225021452.PDF
123226,中富转债,2025-04-10,2025-04-11,2025-04-18,100.19,7,manual_official,中富转债赎回结果公告,https://static.cninfo.com.cn/finalpage/2025-04-21/1223193362.PDF
123227,雅创转债,2025-03-31,2025-04-01,2025-04-09,100.22,8,ok,关于雅创转债赎回结果的公告,https://static.cninfo.com.cn/finalpage/2025-04-09/1223044068.PDF
123228,震裕转债,2025-04-22,2025-04-23,2025-04-30,100.2,7,ok,关于震裕转债赎回结果的公告,https://static.cninfo.com.cn/finalpage/2025-05-06/1223476325.PDF
123230,金钟转债,2026-01-19,2026-01-20,2026-01-27,100.2,7,ok,关于“金钟转债”赎回结果的公告,https://static.cninfo.com.cn/finalpage/2026-01-28/1224952388.PDF
123231,信测转债,2025-09-05,2025-09-08,2025-09-15,100.42,7,ok,关于信测转债赎回结果的公告,https://static.cninfo.com.cn/finalpage/2025-09-16/1224660778.PDF
123232,金现转债,2025-09-23,2025-09-24,2025-10-09,100.41,15,ok,关于“金现转债“赎回结果的公告,https://static.cninfo.com.cn/finalpage/2025-10-13/1224706102.PDF
123233,凯盛转债,2026-01-14,2026-01-15,2026-01-22,100.1,7,ok,关于“凯盛转债”赎回结果的公告,https://static.cninfo.com.cn/finalpage/2026-01-23/1224945451.PDF
123234,中能转债,2025-12-15,2025-12-16,2025-12-23,100.01,7,scheduled_only,关于中能转债摘牌的公告,https://static.cninfo.com.cn/finalpage/2025-12-24/1224894944.PDF
123236,家联转债,2026-05-27,2026-05-28,2026-06-04,100.344,7,ok,关于“家联转债”赎回结果的公告,https://static.cninfo.com.cn/finalpage/2026-06-05/1225352703.PDF
123238,卡倍转02,2025-01-14,2025-01-15,2025-01-22,100.004,7,ok,关于卡倍转02赎回结果的公告,https://static.cninfo.com.cn/finalpage/2025-01-23/1222405935.PDF
123239,锋工转债,2026-03-30,2026-03-31,2026-04-08,100.156,8,ok,关于锋工转债赎回结果的公告,https://static.cninfo.com.cn/finalpage/2026-04-09/1225084986.PDF
123240,楚天转债,2025-12-19,2025-12-22,2025-12-29,100.45,7,ok,关于楚天转债赎回结果的公告,https://static.cninfo.com.cn/finalpage/2025-12-29/1224904102.PDF
123242,赛龙转债,2026-03-04,2026-03-05,2026-03-12,100.33,7,ok,关于赛龙转债赎回结果的公告,https://static.cninfo.com.cn/finalpage/2026-03-13/1225006665.PDF
123244,松原转债,2025-09-29,2025-09-30,2025-10-15,100.07,15,ok,关于松原转债赎回结果的公告,https://static.cninfo.com.cn/finalpage/2025-10-16/1224716873.PDF
123246,远信转债,2026-04-15,2026-04-16,2026-04-23,100.47,7,manual_official,远信转债赎回实施公告,https://static.cninfo.com.cn/finalpage/2026-04-07/1225081478.PDF
123248,恒辉转债,2025-07-31,2025-08-01,2025-08-08,100.19,7,ok,关于恒辉转债赎回结果的公告,https://static.cninfo.com.cn/finalpage/2025-08-11/1224440478.PDF
123249,英搏转债,2026-01-06,2026-01-07,2026-01-14,100.1,7,ok,关于“英搏转债”赎回结果的公告,https://static.cninfo.com.cn/finalpage/2026-01-15/1224933661.PDF
123254,亿纬转债,2026-04-23,2026-04-24,2026-05-06,100.034,12,ok,关于亿纬转债赎回结果的公告,https://static.cninfo.com.cn/finalpage/2026-05-07/1225280637.PDF
123256,恒帅转债,2026-05-12,2026-05-13,2026-05-20,100.191,7,ok,关于恒帅转债赎回结果的公告,https://static.cninfo.com.cn/finalpage/2026-05-20/1225319087.PDF
127008,特发转债,2021-03-04,2021-03-05,2021-03-12,100.3,7,ok,关于特发转债赎回结果的公告,https://static.cninfo.com.cn/finalpage/2021-03-13/1209377945.PDF
127009,冰轮转债,2019-10-14,2019-10-15,2019-10-22,100.3,7,ok,关于冰轮转债赎回结果的公告,https://static.cninfo.com.cn/finalpage/2019-10-23/1207003165.PDF
127010,平银转债,2019-09-18,2019-09-19,2019-09-26,100.13,7,ok,关于平银转债赎回结果的公告,https://static.cninfo.com.cn/finalpage/2019-09-27/1206952334.PDF
127011,中鼎转2,2022-02-23,2022-02-24,2022-03-03,100.97,7,ok,关于中鼎转2赎回结果的公告,https://static.cninfo.com.cn/finalpage/2022-03-04/1212502615.PDF
127012,招路转债,2024-03-25,2024-03-26,2024-04-02,100.02,7,ok,关于招路转债赎回结果的公告,https://static.cninfo.com.cn/finalpage/2024-04-03/1219506263.PDF
127013,创维转债,2022-06-28,2022-06-29,2022-07-06,100.31,7,ok,关于“创维转债”赎回结果的公告,https://static.cninfo.com.cn/finalpage/2022-07-07/1213974537.PDF
127014,北方转债,2025-04-03,2025-04-07,2025-04-14,100.9,7,ok,关于北方转债赎回结果的公告,https://static.cninfo.com.cn/finalpage/2025-04-15/1223096914.PDF
127019,国城转债,2025-12-11,2025-12-12,2025-12-19,100.82,7,ok,关于国城转债赎回结果的公告,https://static.cninfo.com.cn/finalpage/2025-12-22/1224888340.PDF
127020,中金转债,2025-11-25,2025-11-26,2025-12-03,100.7,7,ok,关于中金转债赎回结果的公告,https://static.cninfo.com.cn/finalpage/2025-12-04/1224847228.PDF
127021,特发转2,2023-05-10,2023-05-11,2023-05-18,100.76,7,ok,关于“特发转2” 赎回结果的公告,https://static.cninfo.com.cn/finalpage/2023-05-19/1216854805.PDF
127022,恒逸转债,2026-03-24,2026-03-25,2026-04-01,100.88,7,manual_official,恒逸转债赎回结果公告,https://static.cninfo.com.cn/finalpage/2026-04-02/1225072731.PDF
127023,华菱转2,2021-07-15,2021-07-16,2021-07-23,100.15,7,ok,关于“华菱转2”赎回结果暨摘牌的公告,https://static.cninfo.com.cn/finalpage/2021-07-27/1210573110.PDF
127024,盈峰转债,2026-05-28,2026-05-29,2026-06-05,101.129,7,ok,关于盈峰转债赎回结果的公告,https://static.cninfo.com.cn/finalpage/2026-06-09/1225358563.PDF
127026,超声转债,2026-06-12,2026-06-15,2026-06-23,101.04,8,ok,超声电子关于超声转债赎回结果的公告,https://static.cninfo.com.cn/finalpage/2026-06-24/1225382539.PDF
127028,英特转债,2026-01-22,2026-01-23,2026-01-30,100.1,7,ok,关于“英特转债”赎回结果的公告,https://static.cninfo.com.cn/finalpage/2026-02-02/1224959404.PDF
127029,中钢转债,2023-10-30,2023-10-31,2023-11-07,100.37,7,ok,关于中钢转债赎回结果的公告,https://static.cninfo.com.cn/finalpage/2023-11-08/1218273404.PDF
127032,苏行转债,2025-03-06,2025-03-07,2025-03-14,101.35,7,ok,关于苏行转债赎回结果的公告,https://static.cninfo.com.cn/finalpage/2025-03-17/1222805653.PDF
127035,濮耐转债,2025-08-20,2025-08-21,2025-08-28,100.906,7,ok,关于濮耐转债赎回结果的公告,https://static.cninfo.com.cn/finalpage/2025-08-29/1224605020.PDF
127036,三花转债,2023-07-31,2023-08-01,2023-08-08,100.1,7,ok,关于三花转债赎回结果的公告,https://static.cninfo.com.cn/finalpage/2023-08-09/1217491735.PDF
127039,北港转债,2026-02-12,2026-02-13,2026-03-02,101.13,17,ok,关于“北港转债”赎回结果的公告,https://static.cninfo.com.cn/finalpage/2026-03-03/1224992206.PDF
127042,嘉美转债,2026-02-05,2026-02-06,2026-02-13,100.893,7,ok,关于嘉美转债赎回结果的公告,https://static.cninfo.com.cn/finalpage/2026-02-24/1224981813.PDF
127043,川恒转债,2025-07-17,2025-07-18,2025-07-25,101.397,7,ok,川恒转债赎回结果公告,https://static.cninfo.com.cn/finalpage/2025-07-28/1224300722.PDF
127048,中大转债,2022-09-01,2022-09-02,2022-09-09,100.34,7,ok,关于中大转债赎回结果的公告,https://static.cninfo.com.cn/finalpage/2022-09-13/1214577242.PDF
127051,博杰转债,2025-04-24,2025-04-25,2025-05-07,100.7,12,manual_official,博杰转债赎回实施公告,https://static.cninfo.com.cn/finalpage/2025-03-20/1222845104.PDF
127052,西子转债,2025-09-19,2025-09-22,2025-09-29,101.12,7,scheduled_only,关于西子转债摘牌的公告,https://static.cninfo.com.cn/finalpage/2025-09-30/1224689260.PDF
127057,盘龙转债,2023-03-29,2023-03-30,2023-04-07,100.05,8,ok,关于“盘龙转债”赎回结果的公告,https://static.cninfo.com.cn/finalpage/2023-04-11/1216370019.PDF
127058,科伦转债,2024-03-29,2024-04-01,2024-04-10,100.02,9,ok,关于“科伦转债”赎回结果的公告,https://static.cninfo.com.cn/finalpage/2024-04-12/1219581071.PDF
127063,贵轮转债,2024-04-24,2024-04-25,2024-05-07,100.01,12,ok,关于贵轮转债赎回结果的公告,https://static.cninfo.com.cn/finalpage/2024-05-08/1219998785.PDF
127065,瑞鹄转债,2024-03-29,2024-04-01,2024-04-10,100.47,9,manual_official,瑞鹄转债赎回结果公告,https://static.cninfo.com.cn/finalpage/2024-04-11/1219568992.PDF
127066,科利转债,2026-06-12,2026-06-15,2026-06-23,101.405,8,ok,关于科利转债赎回结果的公告,https://static.cninfo.com.cn/finalpage/2026-06-23/1225381549.PDF
127071,天箭转债,2026-03-05,2026-03-06,2026-03-13,100.81,7,ok,陕西中天火箭技术股份有限公司关于天箭转债赎回结果的公告,https://static.cninfo.com.cn/finalpage/2026-03-14/1225008802.PDF
127073,天赐转债,2025-12-02,2025-12-03,2025-12-10,100.29,7,ok,关于天赐转债赎回结果的公告,https://static.cninfo.com.cn/finalpage/2025-12-11/1224865622.PDF
127074,麦米转2,2024-12-05,2024-12-06,2024-12-13,100.15,7,ok,关于“麦米转2”赎回结果的公告,https://static.cninfo.com.cn/finalpage/2024-12-16/1222015576.PDF
127075,百川转2,2026-03-31,2026-04-01,2026-04-09,100.809,8,ok,关于“百川转2”赎回结果的公告,https://static.cninfo.com.cn/finalpage/2026-04-10/1225088835.PDF
127076,中宠转2,2026-04-07,2026-04-08,2026-04-15,100.678,7,ok,关于“中宠转2”赎回结果的公告,https://static.cninfo.com.cn/finalpage/2026-04-16/1225106494.PDF
127077,华宏转债,2025-09-16,2025-09-17,2025-09-24,100.79,7,ok,关于华宏转债赎回结果的公告,https://static.cninfo.com.cn/finalpage/2025-09-25/1224678724.PDF
127079,华亚转债,2026-07-08,2026-07-09,2026-07-16,101.011,7,ok,关于华亚转债赎回结果的公告,https://static.cninfo.com.cn/finalpage/2026-07-17/1225428801.PDF
127081,中旗转债,2025-12-19,2025-12-22,2025-12-29,100.805,7,ok,关于“中旗转债”赎回结果的公告,https://static.cninfo.com.cn/finalpage/2025-12-30/1224906096.PDF
127086,恒邦转债,2025-11-27,2025-11-28,2025-12-05,100.28,7,ok,关于恒邦转债赎回结果暨股份变动的公告,https://static.cninfo.com.cn/finalpage/2025-12-08/1224852743.PDF
127087,星帅转2,2025-04-09,2025-04-10,2025-04-17,100.41,7,ok,关于星帅转2赎回结果的公告,https://static.cninfo.com.cn/finalpage/2025-04-18/1223129954.PDF
127090,兴瑞转债,2026-06-15,2026-06-16,2026-06-24,100.717,8,ok,关于“兴瑞转债”赎回结果的公告,https://static.cninfo.com.cn/finalpage/2026-06-25/1225385296.PDF
127091,科数转债,2025-04-15,2025-04-16,2025-04-23,100.32,7,manual_official,科数转债赎回结果公告,https://static.cninfo.com.cn/finalpage/2025-04-24/1223238669.PDF
127094,红墙转债,2026-04-14,2026-04-15,2026-04-22,100.49,7,ok,关于红墙转债赎回结果的公告,https://static.cninfo.com.cn/finalpage/2026-04-23/1225150441.PDF
127097,三羊转债,2025-10-16,2025-10-17,2025-10-24,100.49,7,ok,关于“三羊转债”赎回结果的公告,https://static.cninfo.com.cn/finalpage/2025-10-25/1224733355.PDF
127100,神码转债,2025-03-27,2025-03-28,2025-04-07,100.13,10,manual_official,神码转债赎回结果公告,https://static.cninfo.com.cn/finalpage/2025-04-08/1223022085.PDF
127101,豪鹏转债,2025-08-28,2025-08-29,2025-09-05,100.34,7,ok,关于“豪鹏转债”赎回结果的公告,https://static.cninfo.com.cn/finalpage/2025-09-08/1224640552.PDF
127106,伟隆转债,2025-07-31,2025-08-01,2025-08-08,100.485,7,manual_official,伟隆转债赎回结果公告,https://static.cninfo.com.cn/finalpage/2025-08-11/1224442510.PDF
127107,领益转债,2025-10-14,2025-10-15,2025-10-22,100.181,7,manual_official,领益转债赎回结果公告,https://static.cninfo.com.cn/finalpage/2025-10-23/1224726189.PDF
128038,利欧转债,2020-03-30,2020-03-31,2020-04-08,100.02,8,ok,关于“利欧转债”赎回结果公告,https://static.cninfo.com.cn/finalpage/2020-04-09/1207467703.PDF
128040,华通转债,2023-02-28,2023-03-01,2023-03-08,101.28,7,ok,关于“华通转债”赎回结果暨股份变动的公告,https://static.cninfo.com.cn/finalpage/2023-03-09/1216073180.PDF
128043,东音转债,2020-11-02,2020-11-03,2020-11-10,100.25,7,ok,关于“东音转债”赎回结果的公告,https://static.cninfo.com.cn/finalpage/2020-11-11/1208723709.PDF
128045,机电转债,2020-09-10,2020-09-11,2020-09-18,100.04,7,ok,关于“机电转债”赎回结果的公告,https://static.cninfo.com.cn/finalpage/2020-09-19/1208461232.PDF
128046,利尔转债,2022-11-03,2022-11-04,2022-11-11,100.09,7,ok,关于利尔转赎回结果的公告,https://static.cninfo.com.cn/finalpage/2022-11-14/1215082057.PDF
128047,光电转债,2019-10-29,2019-10-30,2019-11-06,100.2,7,ok,关于“光电转债”赎回结果公告,https://static.cninfo.com.cn/finalpage/2019-11-07/1207070779.PDF
128050,钧达转债,2022-01-27,2022-01-28,2022-02-11,100.21,14,ok,关于“钧达转债”赎回结果的公告,https://static.cninfo.com.cn/finalpage/2022-02-12/1212351925.PDF
128051,光华转债,2021-09-07,2021-09-08,2021-09-15,100.73,7,ok,关于光华转债赎回结果的公告,https://static.cninfo.com.cn/finalpage/2021-09-15/1211054639.PDF
128052,凯龙转债,2021-03-23,2021-03-24,2021-03-31,100.25,7,ok,关于凯龙转债赎回结果的公告,https://static.cninfo.com.cn/finalpage/2021-04-01/1209566225.PDF
128054,中宠转债,2020-07-14,2020-07-15,2020-07-22,100.25,7,ok,关于“中宠转债”赎回结果的公告,https://static.cninfo.com.cn/finalpage/2020-07-23/1208058853.PDF
128055,长青转2,2020-04-16,2020-04-17,2020-04-24,100.1,7,ok,关于“长青转2”赎回结果公告,https://static.cninfo.com.cn/finalpage/2020-04-25/1207606987.PDF
128057,博彦转债,2021-11-29,2021-11-30,2021-12-07,100.74,7,ok,关于博彦转债赎回结果的公告,https://static.cninfo.com.cn/finalpage/2021-12-08/1211836311.PDF
128058,拓邦转债,2020-11-25,2020-11-26,2020-12-03,100.43,7,ok,关于“拓邦转债”赎回结果的公告,https://static.cninfo.com.cn/finalpage/2020-12-07/1208858097.PDF
128059,视源转债,2020-08-28,2020-08-31,2020-09-07,100.28,7,ok,关于“视源转债”赎回结果的公告,https://static.cninfo.com.cn/finalpage/2020-09-08/1208406429.PDF
128060,中装转债,2020-03-19,2020-03-20,2020-03-27,100.39,7,ok,关于“中装转债”赎回结果公告,https://static.cninfo.com.cn/finalpage/2020-03-28/1207416410.PDF
128061,启明转债,2020-03-17,2020-03-18,2020-03-25,100.39,7,ok,关于“启明转债”赎回结果公告,https://static.cninfo.com.cn/finalpage/2020-03-26/1207405015.PDF
128063,未来转债,2024-12-25,2024-12-26,2025-01-03,102.93,8,ok,关于未来转债赎回结果的公告,https://static.cninfo.com.cn/finalpage/2025-01-04/1222223773.PDF
128064,司尔转债,2021-08-24,2021-08-25,2021-09-01,100.38,7,ok,关于司尔转债赎回结果的公告,https://static.cninfo.com.cn/finalpage/2021-09-02/1210958889.PDF
128065,雅化转债,2021-03-01,2021-03-02,2021-03-09,100.53,7,ok,关于“雅化转债”赎回结果的公告,https://static.cninfo.com.cn/finalpage/2021-03-11/1209365067.PDF
128067,一心转债,2020-11-02,2020-11-03,2020-11-10,100.33,7,manual_official,一心转债摘牌公告,https://static.cninfo.com.cn/finalpage/2020-11-11/1208723768.PDF
128068,和而转债,2020-02-19,2020-02-20,2020-02-27,100.29,7,ok,关于“和而转债”赎回结果公告,https://static.cninfo.com.cn/finalpage/2020-02-28/1207329139.PDF
128069,华森转债,2022-12-15,2022-12-16,2022-12-23,100.72,7,ok,关于“华森转债”赎回结果的公告,https://static.cninfo.com.cn/finalpage/2022-12-26/1215441075.PDF
128072,翔鹭转债,2025-04-16,2025-04-17,2025-04-24,101.64,7,ok,关于翔鹭转债赎回结果的公告,https://static.cninfo.com.cn/finalpage/2025-04-25/1223267935.PDF
128073,哈尔转债,2022-11-01,2022-11-02,2022-11-09,100.3,7,ok,关于哈尔转债赎回结果的公告,https://static.cninfo.com.cn/finalpage/2022-11-10/1215059709.PDF
128074,游族转债,2025-08-27,2025-08-28,2025-09-04,101.8575,7,ok,关于游族转债赎回结果的公告,https://static.cninfo.com.cn/finalpage/2025-09-06/1224642265.PDF
128075,远东转债,2023-11-09,2023-11-10,2023-11-17,100.23,7,ok,关于远东转债赎回结果的公告,https://static.cninfo.com.cn/finalpage/2023-11-18/1218370274.PDF
128077,华夏转债,2020-07-28,2020-07-29,2020-08-05,100.39,7,ok,关于“华夏转债”赎回结果公告,https://static.cninfo.com.cn/finalpage/2020-08-06/1208130870.PDF
128078,太极转债,2023-04-20,2023-04-21,2023-04-28,100.75,7,ok,关于“太极转债”赎回结果的公告,https://static.cninfo.com.cn/finalpage/2023-05-04/1216684885.PDF
128079,英联转债,2023-08-09,2023-08-10,2023-08-17,101.36,7,ok,关于英联转债赎回结果的公告,https://static.cninfo.com.cn/finalpage/2023-08-18/1217564209.PDF
128080,顺丰转债,2020-08-03,2020-08-04,2020-08-11,100.14,7,ok,关于“顺丰转债”赎回结果的公告,https://static.cninfo.com.cn/finalpage/2020-08-12/1208153615.PDF
128081,海亮转债,2025-09-26,2025-09-29,2025-10-14,101.71,15,ok,关于“海亮转债”赎回结果的公告,https://static.cninfo.com.cn/finalpage/2025-10-15/1224711678.PDF
128082,华锋转债,2025-07-21,2025-07-22,2025-07-29,101.764,7,ok,关于“华锋转债”赎回结果的公告,https://static.cninfo.com.cn/finalpage/2025-07-30/1224329243.PDF
128083,新北转债,2024-12-26,2024-12-27,2025-01-06,100.08,10,ok,关于新北转债赎回结果的公告,https://static.cninfo.com.cn/finalpage/2025-01-07/1222246295.PDF
128084,木森转债,2020-09-10,2020-09-11,2020-09-18,100.3,7,ok,关于“木森转债”赎回结果的公告,https://static.cninfo.com.cn/finalpage/2020-09-22/1208465468.PDF
128086,国轩转债,2020-08-27,2020-08-28,2020-09-04,100.28,7,ok,关于“国轩转债”赎回结果的公告,https://static.cninfo.com.cn/finalpage/2020-09-05/1208399991.PDF
128087,孚日转债,2024-12-04,2024-12-05,2024-12-12,101.74,7,ok,关于孚日转债赎回结果的公告,https://static.cninfo.com.cn/finalpage/2024-12-13/1222004458.PDF
128088,深南转债,2020-09-02,2020-09-03,2020-09-10,100.21,7,ok,关于“深南转债”赎回结果公告,https://static.cninfo.com.cn/finalpage/2020-09-11/1208424209.PDF
128089,麦米转债,2020-09-01,2020-09-02,2020-09-09,100.28,7,ok,关于“麦米转债”赎回结果的公告,https://static.cninfo.com.cn/finalpage/2020-09-10/1208420047.PDF
128090,汽模转2,2024-12-18,2024-12-19,2024-12-26,101.77,7,ok,关于汽模转2赎回结果的公告,https://static.cninfo.com.cn/finalpage/2024-12-27/1222155755.PDF
128091,新天转债,2024-12-05,2024-12-06,2024-12-13,102.16,7,scheduled_only,关于新天转债即将停止转股暨赎回前最后半个交易日的重要提示性公告,https://static.cninfo.com.cn/finalpage/2024-12-05/1221936117.PDF
128092,唐人转债,2020-10-09,2020-10-12,2020-10-19,100.31,7,ok,关于“唐人转债”赎回结果的公告,https://static.cninfo.com.cn/finalpage/2020-10-20/1208585504.PDF
128093,百川转债,2022-03-01,2022-03-02,2022-03-09,100.397,7,ok,关于“百川转债”赎回结果的公告,https://static.cninfo.com.cn/finalpage/2022-03-10/1212536147.PDF
128094,星帅转债,2022-02-24,2022-02-25,2022-03-04,100.13,7,ok,关于“星帅转债”赎回结果的公告,https://static.cninfo.com.cn/finalpage/2022-03-07/1212509284.PDF
128095,恩捷转债,2025-10-30,2025-10-31,2025-11-07,101.44,7,ok,关于“恩捷转债”赎回结果的公告,https://static.cninfo.com.cn/finalpage/2025-11-08/1224793119.PDF
128096,奥瑞转债,2022-02-28,2022-03-01,2022-03-08,100.05,7,ok,关于奥瑞转债赎回结果的公告,https://static.cninfo.com.cn/finalpage/2022-03-09/1212529847.PDF
128098,康弘转债,2020-11-20,2020-11-23,2020-11-30,100.29,7,ok,关于“康弘转债”赎回结果的公告,https://static.cninfo.com.cn/finalpage/2020-12-01/1208820137.PDF
128099,永高转债,2020-11-18,2020-11-19,2020-11-26,100.21,7,ok,关于“永高转债”赎回结果的公告,https://static.cninfo.com.cn/finalpage/2020-11-27/1208804999.PDF
128102,海大转债,2020-12-22,2020-12-23,2020-12-30,100.15,7,ok,关于“海大转债”赎回结果的公告,https://static.cninfo.com.cn/finalpage/2020-12-31/1209023620.PDF
128103,同德转债,2022-03-01,2022-03-02,2022-03-09,100.56,7,ok,关于同德转债赎回结果的公告,https://static.cninfo.com.cn/finalpage/2022-03-10/1212533601.PDF
128104,裕同转债,2021-01-04,2021-01-05,2021-01-12,100.3,7,ok,关于“裕同转债”赎回结果的公告,https://static.cninfo.com.cn/finalpage/2021-01-13/1209087807.PDF
128105,长集转债,2025-11-03,2025-11-04,2025-11-11,101.151,7,ok,关于长集转债赎回结果的公告,https://static.cninfo.com.cn/finalpage/2025-11-12/1224797978.PDF
128106,华统转债,2024-12-10,2024-12-11,2024-12-18,101.21,7,ok,关于华统转债赎回结果的公告,https://static.cninfo.com.cn/finalpage/2024-12-20/1222077369.PDF
128107,交科转债,2022-07-07,2022-07-08,2022-07-15,100.21,7,ok,关于交科转债赎回结果的公告,https://static.cninfo.com.cn/finalpage/2022-07-18/1214057964.PDF
128109,楚江转债,2025-08-13,2025-08-14,2025-08-21,100.389,7,ok,关于“楚江转债”赎回结果的公告,https://static.cninfo.com.cn/finalpage/2025-08-22/1224535008.PDF
128110,永兴转债,2021-02-22,2021-02-23,2021-03-02,100.21,7,ok,关于“永兴转债”赎回结果的公告,https://static.cninfo.com.cn/finalpage/2021-03-03/1209324870.PDF
128111,中矿转债,2023-11-08,2023-11-09,2023-11-16,100.74,7,ok,关于“中矿转债”赎回结果的公告,https://static.cninfo.com.cn/finalpage/2023-11-17/1218363750.PDF
128112,歌尔转2,2021-03-02,2021-03-03,2021-03-10,100.14,7,ok,关于“歌尔转2”赎回结果公告,https://static.cninfo.com.cn/finalpage/2021-03-11/1209365052.PDF
128113,比音转债,2022-02-22,2022-02-23,2022-03-02,100.42,7,ok,关于比音转债赎回结果的公告,https://static.cninfo.com.cn/finalpage/2022-03-03/1212493856.PDF
128115,巨星转债,2021-02-23,2021-02-24,2021-03-03,100.27,7,ok,关于巨星转债赎回结果的公告,https://static.cninfo.com.cn/finalpage/2021-03-05/1209337552.PDF
128116,瑞达转债,2026-01-16,2026-01-19,2026-01-26,101.118,7,ok,关于“瑞达转债”赎回结果的公告,https://static.cninfo.com.cn/finalpage/2026-01-27/1224950985.PDF
128117,道恩转债,2025-05-12,2025-05-13,2025-05-20,101.73,7,ok,关于道恩转债赎回结果的公告,https://static.cninfo.com.cn/finalpage/2025-05-21/1223607648.PDF
128118,瀛通转债,2024-12-18,2024-12-19,2024-12-26,101.4,7,ok,关于瀛通转债赎回结果的公告,https://static.cninfo.com.cn/finalpage/2024-12-27/1222154664.PDF
128120,联诚转债,2025-08-15,2025-08-18,2025-08-25,100.22,7,ok,关于“联诚转债”赎回结果的公告,https://static.cninfo.com.cn/finalpage/2025-08-26/1224569813.PDF
128123,国光转债,2024-07-05,2024-07-08,2024-07-15,101.43,7,ok,关于国光转债赎回结果的公告,https://static.cninfo.com.cn/finalpage/2024-07-17/1220653415.PDF
128126,赣锋转2,2021-05-11,2021-05-12,2021-05-19,100.23,7,ok,关于“赣锋转2”赎回结果的公告,https://static.cninfo.com.cn/finalpage/2021-05-19/1210004514.PDF
128130,景兴转债,2025-10-22,2025-10-23,2025-10-30,100.29,7,ok,关于“景兴转债”赎回结果的公告,https://static.cninfo.com.cn/finalpage/2025-10-31/1224776121.PDF
128131,崇达转2,2025-09-16,2025-09-17,2025-09-24,100.049,7,ok,关于“崇达转2”赎回结果的公告,https://static.cninfo.com.cn/finalpage/2025-09-26/1224680872.PDF
128132,交建转债,2025-09-22,2025-09-23,2025-09-30,100.044,7,ok,关于“交建转债”赎回结果的公告,https://static.cninfo.com.cn/finalpage/2025-10-10/1224702904.PDF
128133,奇正转债,2025-09-02,2025-09-03,2025-09-10,101.701,7,ok,关于“奇正转债”赎回结果的公告,https://static.cninfo.com.cn/finalpage/2025-09-11/1224649755.PDF
128137,洁美转债,2026-06-22,2026-06-23,2026-06-30,101.266,7,ok,关于“洁美转债”赎回结果的公告,https://static.cninfo.com.cn/finalpage/2026-07-01/1225400499.PDF
128139,祥鑫转债,2022-08-18,2022-08-19,2022-08-26,100.43,7,ok,关于“祥鑫转债”赎回结果的公告,https://static.cninfo.com.cn/finalpage/2022-08-29/1214426343.PDF
128140,润建转债,2023-08-21,2023-08-22,2023-08-29,100.71,7,ok,关于“润建转债”赎回结果的公告,https://static.cninfo.com.cn/finalpage/2023-08-30/1217694984.PDF
128141,旺能转债,2026-05-19,2026-05-20,2026-05-27,100.844,7,ok,关于旺能转债赎回结果的公告,https://static.cninfo.com.cn/finalpage/2026-05-28/1225333907.PDF
128143,锋龙转债,2025-03-04,2025-03-05,2025-03-12,100.38,7,ok,关于锋龙转债赎回结果的公告,https://static.cninfo.com.cn/finalpage/2025-03-13/1222778652.PDF
128144,利民转债,2025-12-25,2025-12-26,2026-01-06,101.22,11,ok,公司关于利民转债赎回结果的公告,https://static.cninfo.com.cn/finalpage/2026-01-07/1224922204.PDF
128145,日丰转债,2023-03-01,2023-03-02,2023-03-09,100.57,7,ok,关于日丰转债赎回结果的公告,https://static.cninfo.com.cn/finalpage/2023-03-10/1216082809.PDF
