因子家族,外部证据摘要,当前本地覆盖,免费且平台无关的最小输入,当前决定,下一证据关,来源
价格与近期收益,"2025 年机器学习论文的 13 类模型均把转债价格与收益列为最重要预测变量",价格、双低历史位置、5/20/60 日收益和波动已覆盖,"转债开高低收、交易日",已覆盖且 F02-252 晋级,不扩张更多相邻窗口；只审查 252 日机制与证据外稳定性,https://www.sciencedirect.com/science/article/pii/S1386418125000503
转股溢价率/双低/YTM,"机器学习论文把双低、转股溢价率与 YTM 列为第二重要组；国泰海通报告亦列为成熟估值因子",已完成双低、溢价和免费 YTM；双低基线有效但近期弱；YTM 防守强于进攻,"转债/正股价格、历史转股价、票息与到期现金流",已覆盖,只保留已冻结职责；不因外部论文重复造同义因子,https://www.sciencedirect.com/science/article/pii/S1386418125000503
正股收益/动量,"机器学习论文把正股收益列为第三重要组；国泰海通报告称正股 60 日动量较好",已完成正股日线、20 日收益和 G；G 高度邻近正股动量且执行级失败,"正股复权日线、转债日线",保留因子线索但不恢复 G 骨架,只有新的组合能证明相对 F02 的增量且不加剧小盘同质性才重开,https://www.sciencedirect.com/science/article/pii/S1386418125000503
价量冲击/流动性风险,"国泰海通以过去 5/20/60 日涨跌幅绝对值相对成交额衡量价格弹性并报告高流动性风险组存在溢价",此前只用 20 日 ADV 做容量/过滤压力，尚未把价量冲击作为收益排名,"转债日收益、成交额；缺少原始金额时可先用成交量×收盘价做方向级近似",保留为最优先的遗漏免费因子,同时检验 5/20/60 日且不从中挑最好窗口；先做方向诊断再决定是否进执行级,https://www.fxbaogao.com/detail/5190135
转债—正股 60 日相关/敏感度,"国泰海通把 60 日相关与转债对正股敏感度列为股性因子，称敏感度偏进攻且难控回撤",已有同步日线和组合暴露诊断，但未作为横截面收益排名,"转债与正股同步日收益",保留为受控进攻挑战,必须同时战胜 G、报告下跌捕获并通过与小市值差异关；否则只作暴露,https://www.fxbaogao.com/detail/5190135
平价条件化估值偏离,"国泰海通以实际转股溢价率相对基于平价拟合的理论溢价率定义估值偏离，并报告跨周期与中性化后较稳健",当前只记录理论偏离/修正溢价，尚无冻结拟合公式,"每日平价、转股溢价率、横截面证券域",保留为 RG1 之前的半复杂挑战,先取得原报告公式/拟合形式并冻结样本外合同；禁止看结果后选择曲线,https://www.fxbaogao.com/detail/5190135
兴业反比例修正溢价残差,"公开文章明确平价70至130、余额至少2亿元、换手不高于40%及反比例曲线残差",本地已按统一执行合同复刻；低残差略有长期方向但被同域经典双低和F02主导,"平价、转股溢价率、余额、成交量",该公开版本降为解释指标,不搜索其他曲线；不外推到公式未披露的国泰海通版本,https://finance.sina.cn/2020-07-07/detail-iircuyvk2563815.d.html
隐含波动率,"国泰海通报告称隐含波动率跨周期和中性化后较稳健",原始条款与行情大体免费，债底、条款简化和反解模型未冻结,"行情、条款、债底、曲线与波动模型",保留为复杂可选增强且后置,只有简单估值偏离和免费候选通过后再证明净增量,https://www.fxbaogao.com/detail/5190135
历史波动率,"国泰海通将其定位为随周期变化的弹性因子",转债/正股波动已测；低波只适合作风险层，高波未通过独立收益关,"转债与正股日线",已覆盖且不恢复为独立策略,只在敏感度因子诊断中报告共线性,https://www.fxbaogao.com/detail/5190135
正股 PE/基本面,"国泰海通把正股 PE 列为正股相关因子；机器学习论文也纳入 20 个股票预测变量",免费估值/财务路径已盘点但未进入转债收益骨架,"正股点时 PE 与财报公告日字段",低优先级保留,只有能提升信用质量且不复制小市值股票暴露时才挑战,https://www.fxbaogao.com/detail/5190135
56 因子机器学习/潜在因子模型,"论文样本为 2017—2022，56 个预测变量、13 种模型；样本外 R2 约 0.83%—1.85%，主要重要性仍收敛到常规因子",当前透明候选只使用少量可解释因子,"大量转债、正股和财务字段；模型训练与滚动验证",不进入当前免费正式路线,作为证据外上限与查漏参考；不能用长短组合或短样本结果替代可执行长仓策略,https://www.sciencedirect.com/science/article/pii/S1386418125000503
IPCA 潜在因子模型,"2023 年论文证明因子动物园可由 IPCA 提炼并提升解释/预测，但公开摘要未给出可直接复刻的简单策略合同",当前没有必要为其建立模型管线,"大量点时预测变量、滚动训练、严格样本外",后置,只有少因子候选明显失效且完整论文可复刻时才重开,https://www.sciencedirect.com/science/article/pii/S0165176523003877
双低6月Z分数,"国泰海通2026周度多因子报告列为较优单因子",本地F02-126已按统一执行合同测试并降为252日窗口边界,"双低历史序列",已覆盖且不重复包装,把新报告视为外部机制支持；不因机构结论恢复已降级窗口,https://www.nxny.com/report/view_6337035.html
转股溢价率3月Z分数,"国泰海通2026周度多因子报告列为较优单因子",本地新测低63日Z分数四阶段正超额但相对F02-252无增量,"历史转股溢价率",有效因子但不另立候选,保留为历史相对便宜机制旁证；不做组合权重搜索,https://www.nxny.com/report/view_6337035.html
转债正股10日涨跌幅差,"国泰海通2026周度多因子报告列为较优单因子",本地新测低G10全期有进攻方向但2023至2026失效且回撤过深,"同步转债和正股10日收益",不晋级,保留失败证据；相对G20与F02均无增量,https://www.nxny.com/report/view_6337035.html
平价/底价6月Z分数与转债价格残差,"国泰海通2026周度多因子报告列为较优单因子，但公开摘要不含公式、方向与证券类型合同",当前总账有平价、债底和估值偏离线索，尚无该报告精确定义,"平价、债底、价格及历史序列",保留待取证,先寻找作者公式或可复核正文；不凭名称自行补公式,https://www.nxny.com/report/view_6337035.html
分类型周度多因子组合,"报告称偏债/平衡/偏股前20%组合及三类等权有较高历史超额，并报告千二/千三费用敏感性",公开摘要缺少样本起点、类型阈值、因子方向、权重、交易时点和逐期清单,"大量免费常规字段；部分高频/深度学习字段不免费或不透明",有价值公开作业但尚不可复刻,正文合同到手前只验证透明单因子；报告发布前全为样本内,https://www.nxny.com/report/view_6337035.html
