bond_code,bond_name,market,exit_reason,notice_date,record_date,master_execute_date,holder_cash_date,execute_price,source_status,announcement_url
113512,景旺转债,SH,forced_redemption,2019-04-10,2019-04-23,2019-04-24,2019-04-24,100.32,master_field_semantics_sampled,
113506,鼎信转债,SH,forced_redemption,2019-04-11,2019-04-26,2019-04-29,2019-04-29,100.014,master_field_semantics_sampled,
123008,康泰转债,SZ,forced_redemption,2019-03-22,2019-05-06,2019-05-07,2019-05-14,100.13,cninfo_ok,https://static.cninfo.com.cn/finalpage/2019-05-15/1206267149.PDF
113018,常熟转债,SH,forced_redemption,2019-04-17,2019-05-16,2019-05-17,2019-05-17,100.16,master_field_semantics_sampled,
113513,安井转债,SH,forced_redemption,2019-06-20,2019-07-04,2019-07-05,2019-07-05,100.29,master_field_semantics_sampled,
127010,平银转债,SZ,forced_redemption,2019-08-21,2019-09-18,2019-09-19,2019-09-26,100.13,cninfo_ok,https://static.cninfo.com.cn/finalpage/2019-09-27/1206952334.PDF
127009,冰轮转债,SZ,forced_redemption,2019-08-29,2019-10-14,2019-10-15,2019-10-22,100.3,cninfo_ok,https://static.cninfo.com.cn/finalpage/2019-10-23/1207003165.PDF
128047,光电转债,SZ,forced_redemption,2019-09-17,2019-10-29,2019-10-30,2019-11-06,100.2,cninfo_ok,https://static.cninfo.com.cn/finalpage/2019-11-07/1207070779.PDF
113507,天马转债,SH,forced_redemption,2019-11-01,2019-11-18,2019-11-19,2019-11-19,100.353,master_field_semantics_sampled,
113529,绝味转债,SH,forced_redemption,2019-11-07,2019-11-21,2019-11-22,2019-11-22,100.281,master_field_semantics_sampled,
110049,海尔转债,SH,forced_redemption,2019-11-29,2019-12-16,2019-12-17,2019-12-17,100.2,master_field_semantics_sampled,
113533,参林转债,SH,forced_redemption,2020-01-10,2020-01-16,2020-01-17,2020-01-17,100.238,master_field_semantics_sampled,
113523,伟明转债,SH,forced_redemption,2020-01-16,2020-02-05,2020-02-06,2020-02-06,100.094,master_field_semantics_sampled,
113538,安图转债,SH,forced_redemption,2020-02-11,2020-02-18,2020-02-19,2020-02-19,100.194,master_field_semantics_sampled,
128068,和而转债,SZ,forced_redemption,2020-01-08,2020-02-19,2020-02-20,2020-02-27,100.29,cninfo_ok,https://static.cninfo.com.cn/finalpage/2020-02-28/1207329139.PDF
113522,旭升转债,SH,forced_redemption,2020-02-18,2020-02-27,2020-02-28,2020-02-28,100.159,master_field_semantics_sampled,
113539,圣达转债,SH,forced_redemption,2020-03-02,2020-03-10,2020-03-11,2020-03-11,100.413,master_field_semantics_sampled,
110054,通威转债,SH,forced_redemption,2020-03-04,2020-03-16,2020-03-17,2020-03-17,100.499,master_field_semantics_sampled,
123016,洲明转债,SZ,forced_redemption,2020-02-04,2020-03-11,2020-03-12,2020-03-19,100.28,cninfo_ok,https://static.cninfo.com.cn/finalpage/2020-03-19/1207386643.PDF
110046,圆通转债,SH,forced_redemption,2020-02-28,2020-03-20,2020-03-23,2020-03-23,100.27,master_field_semantics_sampled,
113510,再升转债,SH,forced_redemption,2020-03-10,2020-03-24,2020-03-25,2020-03-25,100.459,master_field_semantics_sampled,
113540,南威转债,SH,forced_redemption,2020-03-16,2020-03-24,2020-03-25,2020-03-25,100.347,master_field_semantics_sampled,
128061,启明转债,SZ,forced_redemption,2020-02-07,2020-03-17,2020-03-18,2020-03-25,100.39,cninfo_ok,https://static.cninfo.com.cn/finalpage/2020-03-26/1207405015.PDF
123009,星源转债,SZ,forced_redemption,2020-02-25,2020-03-19,2020-03-20,2020-03-27,100.03,cninfo_scheduled_only,https://static.cninfo.com.cn/finalpage/2020-03-27/1207417210.PDF
128060,中装转债,SZ,forced_redemption,2020-02-08,2020-03-19,2020-03-20,2020-03-27,100.39,cninfo_ok,https://static.cninfo.com.cn/finalpage/2020-03-28/1207416410.PDF
113517,曙光转债,SH,forced_redemption,2020-03-13,2020-03-30,2020-03-31,2020-03-31,100.39,master_field_semantics_sampled,
123019,中来转债,SZ,forced_redemption,2020-03-05,2020-03-25,2020-03-26,2020-04-02,100.06,cninfo_ok,https://static.cninfo.com.cn/finalpage/2020-04-03/1207451881.PDF
128038,利欧转债,SZ,forced_redemption,2020-02-25,2020-03-30,2020-03-31,2020-04-08,100.02,cninfo_ok,https://static.cninfo.com.cn/finalpage/2020-04-09/1207467703.PDF
110050,佳都转债,SH,forced_redemption,2020-03-26,2020-04-08,2020-04-09,2020-04-09,100.18,master_field_semantics_sampled,
123021,万信转2,SZ,forced_redemption,2020-03-03,2020-04-13,2020-04-14,2020-04-21,100.07,cninfo_ok,https://static.cninfo.com.cn/finalpage/2020-04-22/1207549916.PDF
128055,长青转2,SZ,forced_redemption,2020-03-11,2020-04-16,2020-04-17,2020-04-24,100.1,cninfo_ok,https://static.cninfo.com.cn/finalpage/2020-04-25/1207606987.PDF
113531,百姓转债,SH,forced_redemption,2020-04-30,2020-05-20,2020-05-21,2020-05-21,100.058,master_field_semantics_sampled,
113511,千禾转债,SH,forced_redemption,2020-04-09,2020-05-28,2020-05-29,2020-05-29,100.471,master_field_semantics_sampled,
113515,高能转债,SH,forced_redemption,2020-05-20,2020-06-17,2020-06-18,2020-06-18,100.538,master_field_semantics_sampled,
113551,福特转债,SH,forced_redemption,2020-07-01,2020-07-15,2020-07-16,2020-07-16,100.263,master_field_semantics_sampled,
128054,中宠转债,SZ,forced_redemption,2020-06-06,2020-07-14,2020-07-15,2020-07-22,100.25,cninfo_ok,https://static.cninfo.com.cn/finalpage/2020-07-23/1208058853.PDF
128077,华夏转债,SZ,forced_redemption,2020-06-17,2020-07-28,2020-07-29,2020-08-05,100.39,cninfo_ok,https://static.cninfo.com.cn/finalpage/2020-08-06/1208130870.PDF
113552,克来转债,SH,forced_redemption,2020-07-24,2020-08-06,2020-08-07,2020-08-07,100.34,master_field_semantics_sampled,
128080,顺丰转债,SZ,forced_redemption,2020-07-08,2020-08-03,2020-08-04,2020-08-11,100.14,cninfo_ok,https://static.cninfo.com.cn/finalpage/2020-08-12/1208153615.PDF
113558,日月转债,SH,forced_redemption,2020-07-31,2020-08-18,2020-08-19,2020-08-19,100.262,master_field_semantics_sampled,
113022,浙商转债,SH,forced_redemption,2020-08-11,2020-08-25,2020-08-26,2020-08-26,100.227,master_field_semantics_sampled,
123040,乐普转债,SZ,forced_redemption,2020-07-30,2020-08-19,2020-08-20,2020-08-27,100.19,cninfo_ok,https://static.cninfo.com.cn/finalpage/2020-08-28/1208280276.PDF
113518,顾家转债,SH,forced_redemption,2020-08-18,2020-08-27,2020-08-28,2020-08-28,100.58,master_field_semantics_sampled,
113031,博威转债,SH,forced_redemption,2020-08-14,2020-08-28,2020-08-31,2020-08-31,100.19,master_field_semantics_sampled,
113514,威帝转债,SH,forced_redemption,2020-08-14,2020-08-28,2020-08-31,2020-08-31,100.109,master_field_semantics_sampled,
113019,玲珑转债,SH,forced_redemption,2020-08-14,2020-09-03,2020-09-04,2020-09-04,100.51,master_field_semantics_sampled,
123041,东财转2,SZ,forced_redemption,2020-08-07,2020-08-27,2020-08-28,2020-09-04,100.12,cninfo_ok,https://static.cninfo.com.cn/finalpage/2020-09-05/1208400339.PDF
128086,国轩转债,SZ,forced_redemption,2020-08-06,2020-08-27,2020-08-28,2020-09-04,100.28,cninfo_ok,https://static.cninfo.com.cn/finalpage/2020-09-05/1208399991.PDF
128059,视源转债,SZ,forced_redemption,2020-07-23,2020-08-28,2020-08-31,2020-09-07,100.28,cninfo_ok,https://static.cninfo.com.cn/finalpage/2020-09-08/1208406429.PDF
128089,麦米转债,SZ,forced_redemption,2020-07-28,2020-09-01,2020-09-02,2020-09-09,100.28,cninfo_ok,https://static.cninfo.com.cn/finalpage/2020-09-10/1208420047.PDF
128088,深南转债,SZ,forced_redemption,2020-07-21,2020-09-02,2020-09-03,2020-09-10,100.21,cninfo_ok,https://static.cninfo.com.cn/finalpage/2020-09-11/1208424209.PDF
113554,仙鹤转债,SH,forced_redemption,2020-08-19,2020-09-10,2020-09-11,2020-09-11,100.22,master_field_semantics_sampled,
123020,富祥转债,SZ,forced_redemption,2020-08-01,2020-09-03,2020-09-04,2020-09-11,100.41,cninfo_ok,https://static.cninfo.com.cn/finalpage/2020-09-11/1208428469.PDF
113547,索发转债,SH,forced_redemption,2020-08-22,2020-09-15,2020-09-16,2020-09-16,100.45,master_field_semantics_sampled,
113028,环境转债,SH,forced_redemption,2020-08-19,2020-09-17,2020-09-18,2020-09-18,100.126,master_field_semantics_sampled,
113544,桃李转债,SH,forced_redemption,2020-09-05,2020-09-17,2020-09-18,2020-09-18,100.399,master_field_semantics_sampled,
123037,新莱转债,SZ,forced_redemption,2020-08-10,2020-09-10,2020-09-11,2020-09-18,100.37,cninfo_ok,https://static.cninfo.com.cn/finalpage/2020-09-18/1208461531.PDF
128045,机电转债,SZ,forced_redemption,2020-07-31,2020-09-10,2020-09-11,2020-09-18,100.04,cninfo_ok,https://static.cninfo.com.cn/finalpage/2020-09-19/1208461232.PDF
128084,木森转债,SZ,forced_redemption,2020-08-12,2020-09-10,2020-09-11,2020-09-18,100.3,cninfo_ok,https://static.cninfo.com.cn/finalpage/2020-09-22/1208465468.PDF
128092,唐人转债,SZ,forced_redemption,2020-08-18,2020-10-09,2020-10-12,2020-10-19,100.31,cninfo_ok,https://static.cninfo.com.cn/finalpage/2020-10-20/1208585504.PDF
128043,东音转债,SZ,forced_redemption,2020-09-23,2020-11-02,2020-11-03,2020-11-10,100.25,cninfo_ok,https://static.cninfo.com.cn/finalpage/2020-11-11/1208723709.PDF
128067,一心转债,SZ,forced_redemption,2020-09-17,2020-11-02,2020-11-03,2020-11-10,100.33,cninfo_manual_official,https://static.cninfo.com.cn/finalpage/2020-11-11/1208723768.PDF
113571,博特转债,SH,forced_redemption,2020-10-26,2020-11-17,2020-11-18,2020-11-18,100.34,master_field_semantics_sampled,
128099,永高转债,SZ,forced_redemption,2020-10-28,2020-11-18,2020-11-19,2020-11-26,100.21,cninfo_ok,https://static.cninfo.com.cn/finalpage/2020-11-27/1208804999.PDF
113020,桐昆转债,SH,forced_redemption,2020-11-19,2020-11-26,2020-11-27,2020-11-27,100.022,master_field_semantics_sampled,
113521,科森转债,SH,forced_redemption,2020-11-18,2020-11-26,2020-11-27,2020-11-27,100.031,master_field_semantics_sampled,
128098,康弘转债,SZ,forced_redemption,2020-10-13,2020-11-20,2020-11-23,2020-11-30,100.29,cninfo_ok,https://static.cninfo.com.cn/finalpage/2020-12-01/1208820137.PDF
128058,拓邦转债,SZ,forced_redemption,2020-11-04,2020-11-25,2020-11-26,2020-12-03,100.43,cninfo_ok,https://static.cninfo.com.cn/finalpage/2020-12-07/1208858097.PDF
113553,金牌转债,SH,forced_redemption,2020-11-13,2020-12-03,2020-12-04,2020-12-04,100.39,master_field_semantics_sampled,
113555,振德转债,SH,forced_redemption,2020-11-18,2020-12-03,2020-12-04,2020-12-04,100.479,master_field_semantics_sampled,
123032,万里转债,SZ,forced_redemption,2020-11-03,2020-11-30,2020-12-01,2020-12-08,100.21,cninfo_ok,https://static.cninfo.com.cn/finalpage/2020-12-08/1208870483.PDF
113581,龙蟠转债,SH,forced_redemption,2020-11-19,2020-12-10,2020-12-11,2020-12-11,100.32,master_field_semantics_sampled,
123036,先导转债,SZ,forced_redemption,2020-11-04,2020-12-09,2020-12-10,2020-12-17,100.3,cninfo_ok,https://static.cninfo.com.cn/finalpage/2020-12-18/1208927771.PDF
113562,璞泰转债,SH,forced_redemption,2020-12-14,2020-12-18,2020-12-21,2020-12-21,100.288,master_field_semantics_sampled,
123026,中环转债,SZ,forced_redemption,2020-10-28,2020-12-14,2020-12-15,2020-12-22,100.41,cninfo_ok,https://static.cninfo.com.cn/finalpage/2020-12-22/1208964794.PDF
128102,海大转债,SZ,forced_redemption,2020-11-17,2020-12-22,2020-12-23,2020-12-30,100.15,cninfo_ok,https://static.cninfo.com.cn/finalpage/2020-12-31/1209023620.PDF
113520,百合转债,SH,forced_redemption,2020-12-25,2021-01-06,2021-01-07,2021-01-07,100.16,master_field_semantics_sampled,
128104,裕同转债,SZ,forced_redemption,2020-11-28,2021-01-04,2021-01-05,2021-01-12,100.3,cninfo_ok,https://static.cninfo.com.cn/finalpage/2021-01-13/1209087807.PDF
113032,桐20转债,SH,forced_redemption,2020-12-04,2021-01-13,2021-01-14,2021-01-14,100.262,master_field_semantics_sampled,
113586,上机转债,SH,forced_redemption,2021-01-13,2021-01-19,2021-01-20,2021-01-20,100.308,master_field_semantics_sampled,
113556,至纯转债,SH,forced_redemption,2021-01-05,2021-01-25,2021-01-26,2021-01-26,100.061,master_field_semantics_sampled,
113035,福莱转债,SH,forced_redemption,2021-01-04,2021-01-29,2021-02-01,2021-02-01,100.274,master_field_semantics_sampled,
113587,泛微转债,SH,forced_redemption,2021-01-12,2021-02-22,2021-02-23,2021-02-23,100.345,master_field_semantics_sampled,
128110,永兴转债,SZ,forced_redemption,2021-01-07,2021-02-22,2021-02-23,2021-03-02,100.21,cninfo_ok,https://static.cninfo.com.cn/finalpage/2021-03-03/1209324870.PDF
123017,寒锐转债,SZ,forced_redemption,2021-01-07,2021-02-23,2021-02-24,2021-03-03,100.26,cninfo_ok,https://static.cninfo.com.cn/finalpage/2021-03-03/1209330951.PDF
128115,巨星转债,SZ,forced_redemption,2021-01-23,2021-02-23,2021-02-24,2021-03-03,100.27,cninfo_ok,https://static.cninfo.com.cn/finalpage/2021-03-05/1209337552.PDF
123055,晨光转债,SZ,forced_redemption,2021-01-14,2021-02-24,2021-02-25,2021-03-04,100.35,cninfo_ok,https://static.cninfo.com.cn/finalpage/2021-03-05/1209337906.PDF
113583,益丰转债,SH,forced_redemption,2021-02-09,2021-03-04,2021-03-05,2021-03-05,100.304,master_field_semantics_sampled,
113590,海容转债,SH,forced_redemption,2021-01-25,2021-03-05,2021-03-08,2021-03-08,100.276,master_field_semantics_sampled,
113592,安20转债,SH,forced_redemption,2021-02-10,2021-03-05,2021-03-08,2021-03-08,100.2,master_field_semantics_sampled,
128065,雅化转债,SZ,forced_redemption,2021-01-25,2021-03-01,2021-03-02,2021-03-09,100.53,cninfo_ok,https://static.cninfo.com.cn/finalpage/2021-03-11/1209365067.PDF
128112,歌尔转2,SZ,forced_redemption,2021-01-16,2021-03-02,2021-03-03,2021-03-10,100.14,cninfo_ok,https://static.cninfo.com.cn/finalpage/2021-03-11/1209365052.PDF
127008,特发转债,SZ,forced_redemption,2021-01-30,2021-03-04,2021-03-05,2021-03-12,100.3,cninfo_ok,https://static.cninfo.com.cn/finalpage/2021-03-13/1209377945.PDF
113029,明阳转债,SH,forced_redemption,2021-03-05,2021-03-18,2021-03-19,2021-03-19,100.153,master_field_semantics_sampled,
113038,隆20转债,SH,forced_redemption,2021-03-12,2021-03-30,2021-03-31,2021-03-31,100.2,master_field_semantics_sampled,
128052,凯龙转债,SZ,forced_redemption,2021-02-03,2021-03-23,2021-03-24,2021-03-31,100.25,cninfo_ok,https://static.cninfo.com.cn/finalpage/2021-04-01/1209566225.PDF
110069,瀚蓝转债,SH,forced_redemption,2021-03-31,2021-04-27,2021-04-28,2021-04-28,100.023,master_field_semantics_sampled,
113557,森特转债,SH,forced_redemption,2021-03-31,2021-04-29,2021-04-30,2021-04-30,100.289,master_field_semantics_sampled,
113564,天目转债,SH,forced_redemption,2021-04-06,2021-05-18,2021-05-19,2021-05-19,100.153,master_field_semantics_sampled,
128126,赣锋转2,SZ,forced_redemption,2021-04-01,2021-05-11,2021-05-12,2021-05-19,100.23,cninfo_ok,https://static.cninfo.com.cn/finalpage/2021-05-19/1210004514.PDF
113041,紫金转债,SH,forced_redemption,2021-05-29,2021-06-25,2021-06-28,2021-06-28,100.129,master_field_semantics_sampled,
113559,永创转债,SH,forced_redemption,2021-06-16,2021-06-25,2021-06-28,2021-06-28,100.405,master_field_semantics_sampled,
110065,淮矿转债,SH,forced_redemption,2021-06-11,2021-07-01,2021-07-02,2021-07-02,100.262,master_field_semantics_sampled,
113543,欧派转债,SH,forced_redemption,2021-07-01,2021-07-09,2021-07-12,2021-07-12,100.543,master_field_semantics_sampled,
123058,欣旺转债,SZ,forced_redemption,2021-06-16,2021-07-05,2021-07-06,2021-07-13,100.39,cninfo_ok,https://static.cninfo.com.cn/finalpage/2021-07-14/1210475761.PDF
127023,华菱转2,SZ,forced_redemption,2021-06-16,2021-07-15,2021-07-16,2021-07-23,100.15,cninfo_ok,https://static.cninfo.com.cn/finalpage/2021-07-27/1210573110.PDF
113611,福20转债,SH,forced_redemption,2021-07-02,2021-07-28,2021-07-29,2021-07-29,100.164,master_field_semantics_sampled,
113040,星宇转债,SH,forced_redemption,2021-07-09,2021-08-02,2021-08-03,2021-08-03,100.156,master_field_semantics_sampled,
113509,新泉转债,SH,forced_redemption,2021-08-03,2021-08-17,2021-08-18,2021-08-18,100.308,master_field_semantics_sampled,
123066,赛意转债,SZ,forced_redemption,2021-07-27,2021-08-13,2021-08-16,2021-08-23,100.37,cninfo_ok,https://static.cninfo.com.cn/finalpage/2021-08-24/1210828449.PDF
113508,新凤转债,SH,forced_redemption,2021-07-27,2021-08-31,2021-09-01,2021-09-01,100.526,master_field_semantics_sampled,
128064,司尔转债,SZ,forced_redemption,2021-07-29,2021-08-24,2021-08-25,2021-09-01,100.38,cninfo_ok,https://static.cninfo.com.cn/finalpage/2021-09-02/1210958889.PDF
123033,金力转债,SZ,forced_redemption,2021-07-30,2021-08-30,2021-08-31,2021-09-07,100.83,cninfo_ok,https://static.cninfo.com.cn/finalpage/2021-09-08/1210982768.PDF
113612,永冠转债,SH,forced_redemption,2021-08-17,2021-09-09,2021-09-10,2021-09-10,100.378,master_field_semantics_sampled,
123094,星源转2,SZ,forced_redemption,2021-08-16,2021-09-06,2021-09-07,2021-09-14,100.25,cninfo_ok,https://static.cninfo.com.cn/finalpage/2021-09-15/1211054810.PDF
128051,光华转债,SZ,forced_redemption,2021-08-07,2021-09-07,2021-09-08,2021-09-15,100.73,cninfo_ok,https://static.cninfo.com.cn/finalpage/2021-09-15/1211054639.PDF
123079,运达转债,SZ,forced_redemption,2021-07-29,2021-09-08,2021-09-09,2021-09-16,100.23,cninfo_ok,https://static.cninfo.com.cn/finalpage/2021-09-17/1211075405.PDF
113572,三祥转债,SH,forced_redemption,2021-08-30,2021-09-23,2021-09-24,2021-09-24,100.268,master_field_semantics_sampled,
123030,九洲转债,SZ,forced_redemption,2021-08-26,2021-09-14,2021-09-15,2021-09-24,100.07,cninfo_ok,https://static.cninfo.com.cn/finalpage/2021-09-24/1211145151.PDF
123068,弘信转债,SZ,forced_redemption,2021-09-17,2021-10-11,2021-10-12,2021-10-19,100.397,cninfo_ok,https://static.cninfo.com.cn/finalpage/2021-10-20/1211324884.PDF
123051,今天转债,SZ,forced_redemption,2021-09-16,2021-10-14,2021-10-15,2021-10-22,100.29,cninfo_ok,https://static.cninfo.com.cn/finalpage/2021-10-22/1211363294.PDF
123047,久吾转债,SZ,forced_redemption,2021-09-14,2021-10-20,2021-10-21,2021-10-28,100.47,cninfo_ok,https://static.cninfo.com.cn/finalpage/2021-10-29/1211421867.PDF
123069,金诺转债,SZ,forced_redemption,2021-10-13,2021-11-05,2021-11-08,2021-11-15,100.04,cninfo_ok,https://static.cninfo.com.cn/finalpage/2021-11-16/1211586609.PDF
113580,康隆转债,SH,forced_redemption,2021-11-09,2021-11-18,2021-11-19,2021-11-19,100.46,master_field_semantics_sampled,
123102,华自转债,SZ,forced_redemption,2021-10-20,2021-11-18,2021-11-19,2021-11-26,100.276,cninfo_ok,https://static.cninfo.com.cn/finalpage/2021-11-25/1211704995.PDF
113603,东缆转债,SH,forced_redemption,2021-10-29,2021-11-29,2021-11-30,2021-11-30,100.092,master_field_semantics_sampled,
123028,清水转债,SZ,forced_redemption,2021-11-10,2021-11-29,2021-11-30,2021-12-07,100.67,cninfo_ok,https://static.cninfo.com.cn/finalpage/2021-12-08/1211836295.PDF
128057,博彦转债,SZ,forced_redemption,2021-11-03,2021-11-29,2021-11-30,2021-12-07,100.74,cninfo_ok,https://static.cninfo.com.cn/finalpage/2021-12-08/1211836311.PDF
113614,健20转债,SH,forced_redemption,2021-11-23,2021-12-14,2021-12-15,2021-12-15,100.298,master_field_semantics_sampled,
110051,中天转债,SH,forced_redemption,2021-11-24,2021-12-16,2021-12-17,2021-12-17,100.8,master_field_semantics_sampled,
123074,隆利转债,SZ,forced_redemption,2021-11-24,2021-12-15,2021-12-16,2021-12-23,100.08,cninfo_ok,https://static.cninfo.com.cn/finalpage/2021-12-24/1212002965.PDF
113528,长城转债,SH,forced_redemption,2021-12-11,2021-12-23,2021-12-24,2021-12-24,100.98,master_field_semantics_sampled,
123081,精研转债,SZ,forced_redemption,2021-11-18,2021-12-17,2021-12-20,2021-12-27,100.03,cninfo_ok,https://static.cninfo.com.cn/finalpage/2021-12-28/1212033428.PDF
113607,伟20转债,SH,forced_redemption,2021-12-07,2021-12-28,2021-12-29,2021-12-29,100.078,master_field_semantics_sampled,
113536,三星转债,SH,forced_redemption,2021-12-14,2021-12-30,2021-12-31,2021-12-31,100.586,master_field_semantics_sampled,
123053,宝通转债,SZ,forced_redemption,2021-12-14,2021-12-30,2021-12-31,2022-01-10,100.458,cninfo_ok,https://static.cninfo.com.cn/finalpage/2022-01-11/1212135914.PDF
113034,滨化转债,SH,forced_redemption,2021-12-22,2022-01-10,2022-01-11,2022-01-11,100.378,master_field_semantics_sampled,
128050,钧达转债,SZ,forced_redemption,2022-01-06,2022-01-27,2022-01-28,2022-02-11,100.21,cninfo_ok,https://static.cninfo.com.cn/finalpage/2022-02-12/1212351925.PDF
123043,正元转债,SZ,forced_redemption,2022-01-17,2022-02-17,2022-02-18,2022-02-25,100.67,cninfo_ok,https://static.cninfo.com.cn/finalpage/2022-02-28/1212458366.PDF
128113,比音转债,SZ,forced_redemption,2022-01-25,2022-02-22,2022-02-23,2022-03-02,100.42,cninfo_ok,https://static.cninfo.com.cn/finalpage/2022-03-03/1212493856.PDF
127011,中鼎转2,SZ,forced_redemption,2022-01-25,2022-02-23,2022-02-24,2022-03-03,100.97,cninfo_ok,https://static.cninfo.com.cn/finalpage/2022-03-04/1212502615.PDF
123042,银河转债,SZ,forced_redemption,2022-01-25,2022-02-24,2022-02-25,2022-03-04,100.13,cninfo_ok,https://static.cninfo.com.cn/finalpage/2022-03-07/1212511968.PDF
128094,星帅转债,SZ,forced_redemption,2022-01-25,2022-02-24,2022-02-25,2022-03-04,100.13,cninfo_ok,https://static.cninfo.com.cn/finalpage/2022-03-07/1212509284.PDF
123111,东财转3,SZ,forced_redemption,2022-01-25,2022-02-28,2022-03-01,2022-03-08,100.18,cninfo_ok,https://static.cninfo.com.cn/finalpage/2022-03-09/1212529408.PDF
128096,奥瑞转债,SZ,forced_redemption,2022-01-25,2022-02-28,2022-03-01,2022-03-08,100.05,cninfo_ok,https://static.cninfo.com.cn/finalpage/2022-03-09/1212529847.PDF
113026,核能转债,SH,forced_redemption,2022-01-18,2022-03-08,2022-03-09,2022-03-09,100.899,master_field_semantics_sampled,
128093,百川转债,SZ,forced_redemption,2022-02-08,2022-03-01,2022-03-02,2022-03-09,100.397,cninfo_ok,https://static.cninfo.com.cn/finalpage/2022-03-10/1212536147.PDF
128103,同德转债,SZ,forced_redemption,2022-01-25,2022-03-01,2022-03-02,2022-03-09,100.56,cninfo_ok,https://static.cninfo.com.cn/finalpage/2022-03-10/1212533601.PDF
110066,盛屯转债,SH,forced_redemption,2022-02-22,2022-03-17,2022-03-18,2022-03-18,100.044,master_field_semantics_sampled,
123024,岱勒转债,SZ,forced_redemption,2022-03-08,2022-03-21,2022-03-22,2022-03-29,100.004,cninfo_manual_official,https://disc.static.szse.cn/download/disc/disk03/finalpage/2022-03-08/e63f614e-94ba-4adb-a071-f3f694b03445.PDF
113036,宁建转债,SH,forced_redemption,2022-03-11,2022-04-11,2022-04-12,2022-04-12,100.46,master_field_semantics_sampled,
118002,天合转债,SH,forced_redemption,2022-03-17,2022-04-12,2022-04-13,2022-04-13,100.2,master_field_semantics_sampled,
113550,常汽转债,SH,forced_redemption,2022-04-01,2022-04-18,2022-04-19,2022-04-19,100.5,master_field_semantics_sampled,
113568,新春转债,SH,forced_redemption,2022-05-31,2022-06-10,2022-06-13,2022-06-13,100.323,master_field_semantics_sampled,
113541,荣晟转债,SH,forced_redemption,2022-05-24,2022-06-27,2022-06-28,2022-06-28,100.932,master_field_semantics_sampled,
127013,创维转债,SZ,forced_redemption,2022-06-07,2022-06-28,2022-06-29,2022-07-06,100.31,cninfo_ok,https://static.cninfo.com.cn/finalpage/2022-07-07/1213974537.PDF
110071,湖盐转债,SH,forced_redemption,2022-06-17,2022-07-06,2022-07-07,2022-07-07,100.592,master_field_semantics_sampled,
128107,交科转债,SZ,forced_redemption,2022-05-24,2022-07-07,2022-07-08,2022-07-15,100.21,cninfo_ok,https://static.cninfo.com.cn/finalpage/2022-07-18/1214057964.PDF
113599,嘉友转债,SH,forced_redemption,2022-07-08,2022-07-25,2022-07-26,2022-07-26,100.584,master_field_semantics_sampled,
113630,赛伍转债,SH,forced_redemption,2022-06-25,2022-07-29,2022-08-01,2022-08-01,100.305,master_field_semantics_sampled,
123070,鹏辉转债,SZ,forced_redemption,2022-06-30,2022-07-28,2022-07-29,2022-08-05,100.39,cninfo_ok,https://static.cninfo.com.cn/finalpage/2022-08-05/1214231977.PDF
113548,石英转债,SH,forced_redemption,2022-07-22,2022-08-12,2022-08-15,2022-08-15,100.957,master_field_semantics_sampled,
123073,同和转债,SZ,forced_redemption,2022-07-16,2022-08-15,2022-08-16,2022-08-23,100.56,cninfo_ok,https://static.cninfo.com.cn/finalpage/2022-08-23/1214368705.PDF
128139,祥鑫转债,SZ,forced_redemption,2022-07-27,2022-08-18,2022-08-19,2022-08-26,100.43,cninfo_ok,https://static.cninfo.com.cn/finalpage/2022-08-29/1214426343.PDF
123084,高澜转债,SZ,forced_redemption,2022-07-11,2022-08-19,2022-08-22,2022-08-29,100.49,cninfo_ok,https://static.cninfo.com.cn/finalpage/2022-08-30/1214448857.PDF
123086,海兰转债,SZ,forced_redemption,2022-07-22,2022-08-23,2022-08-24,2022-08-31,100.42,cninfo_ok,https://static.cninfo.com.cn/finalpage/2022-08-31/1214496027.PDF
113620,傲农转债,SH,forced_redemption,2022-07-22,2022-08-31,2022-09-01,2022-09-01,100.24,master_field_semantics_sampled,
123045,雷迪转债,SZ,forced_redemption,2022-08-03,2022-08-31,2022-09-01,2022-09-08,100.56,cninfo_ok,https://static.cninfo.com.cn/finalpage/2022-09-08/1214568286.PDF
127048,中大转债,SZ,forced_redemption,2022-08-09,2022-09-01,2022-09-02,2022-09-09,100.34,cninfo_ok,https://static.cninfo.com.cn/finalpage/2022-09-13/1214577242.PDF
123097,美力转债,SZ,forced_redemption,2022-08-02,2022-09-07,2022-09-08,2022-09-16,100.43,cninfo_ok,https://static.cninfo.com.cn/finalpage/2022-09-16/1214609571.PDF
123062,三超转债,SZ,forced_redemption,2022-08-24,2022-09-14,2022-09-15,2022-09-22,100.14,cninfo_ok,https://static.cninfo.com.cn/finalpage/2022-09-23/1214649809.PDF
118001,金博转债,SH,forced_redemption,2022-08-18,2022-09-23,2022-09-26,2022-09-26,100.12,master_field_semantics_sampled,
113635,升21转债,SH,forced_redemption,2022-09-01,2022-09-28,2022-09-29,2022-09-29,100.24,master_field_semantics_sampled,
123023,迪森转债,SZ,forced_redemption,2022-08-31,2022-09-22,2022-09-23,2022-09-30,100.77,cninfo_ok,https://static.cninfo.com.cn/finalpage/2022-10-10/1214723222.PDF
123137,锦浪转债,SZ,forced_redemption,2022-09-06,2022-09-26,2022-09-27,2022-10-11,100.19,cninfo_ok,https://static.cninfo.com.cn/finalpage/2022-10-12/1214750651.PDF
123027,蓝晓转债,SZ,forced_redemption,2022-09-23,2022-10-21,2022-10-24,2022-10-31,100.74,cninfo_ok,https://static.cninfo.com.cn/finalpage/2022-11-01/1214985481.PDF
128073,哈尔转债,SZ,forced_redemption,2022-09-30,2022-11-01,2022-11-02,2022-11-09,100.3,cninfo_ok,https://static.cninfo.com.cn/finalpage/2022-11-10/1215059709.PDF
128046,利尔转债,SZ,forced_redemption,2022-10-13,2022-11-03,2022-11-04,2022-11-11,100.09,cninfo_ok,https://static.cninfo.com.cn/finalpage/2022-11-14/1215082057.PDF
113642,上22转债,SH,forced_redemption,2022-09-29,2022-11-15,2022-11-16,2022-11-16,100.214,master_field_semantics_sampled,
123110,九典转债,SZ,forced_redemption,2022-11-05,2022-11-25,2022-11-28,2022-12-05,100.4,cninfo_ok,https://static.cninfo.com.cn/finalpage/2022-12-06/1215284900.PDF
110056,亨通转债,SH,forced_redemption,2022-10-26,2022-12-05,2022-12-06,2022-12-06,101.08,master_field_semantics_sampled,
123139,铂科转债,SZ,forced_redemption,2022-11-10,2022-11-30,2022-12-01,2022-12-08,100.29,cninfo_ok,https://static.cninfo.com.cn/finalpage/2022-12-09/1215304113.PDF
128069,华森转债,SZ,forced_redemption,2022-11-18,2022-12-15,2022-12-16,2022-12-23,100.72,cninfo_ok,https://static.cninfo.com.cn/finalpage/2022-12-26/1215441075.PDF
123123,江丰转债,SZ,forced_redemption,2022-12-01,2022-12-21,2022-12-22,2022-12-29,100.22,cninfo_ok,https://static.cninfo.com.cn/finalpage/2022-12-29/1215482579.PDF
113525,台华转债,SH,forced_redemption,2022-12-27,2023-01-05,2023-01-06,2023-01-06,100.099,master_field_semantics_sampled,
123125,元力转债,SZ,forced_redemption,2022-12-16,2023-01-06,2023-01-09,2023-01-16,100.1,cninfo_ok,https://static.cninfo.com.cn/finalpage/2023-01-17/1215626628.PDF
123060,苏试转债,SZ,forced_redemption,2022-12-17,2023-01-12,2023-01-13,2023-01-20,100.48,cninfo_ok,https://static.cninfo.com.cn/finalpage/2023-01-30/1215684435.PDF
128040,华通转债,SZ,forced_redemption,2023-01-31,2023-02-28,2023-03-01,2023-03-08,101.28,cninfo_ok,https://static.cninfo.com.cn/finalpage/2023-03-09/1216073180.PDF
128145,日丰转债,SZ,forced_redemption,2023-02-08,2023-03-01,2023-03-02,2023-03-09,100.57,cninfo_ok,https://static.cninfo.com.cn/finalpage/2023-03-10/1216082809.PDF
113567,君禾转债,SH,forced_redemption,2023-02-22,2023-03-14,2023-03-15,2023-03-15,100.048,master_field_semantics_sampled,
123105,拓尔转债,SZ,forced_redemption,2023-02-02,2023-03-07,2023-03-08,2023-03-15,100.58,cninfo_ok,https://static.cninfo.com.cn/finalpage/2023-03-15/1216127696.PDF
123134,卡倍转债,SZ,forced_redemption,2023-02-03,2023-03-14,2023-03-15,2023-03-22,100.13,cninfo_ok,https://static.cninfo.com.cn/finalpage/2023-03-22/1216188537.PDF
113570,百达转债,SH,forced_redemption,2023-03-02,2023-03-23,2023-03-24,2023-03-24,100.053,master_field_semantics_sampled,
113622,杭叉转债,SH,forced_redemption,2023-03-02,2023-03-23,2023-03-24,2023-03-24,100.399,master_field_semantics_sampled,
127057,盘龙转债,SZ,forced_redemption,2023-03-02,2023-03-29,2023-03-30,2023-04-07,100.05,cninfo_ok,https://static.cninfo.com.cn/finalpage/2023-04-11/1216370019.PDF
123057,美联转债,SZ,forced_redemption,2023-03-22,2023-04-12,2023-04-13,2023-04-20,100.784,cninfo_ok,https://static.cninfo.com.cn/finalpage/2023-04-20/1216495084.PDF
123083,朗新转债,SZ,forced_redemption,2023-03-23,2023-04-20,2023-04-21,2023-04-28,100.36,cninfo_ok,https://static.cninfo.com.cn/finalpage/2023-04-28/1216690573.PDF
128078,太极转债,SZ,forced_redemption,2023-03-25,2023-04-20,2023-04-21,2023-04-28,100.75,cninfo_ok,https://static.cninfo.com.cn/finalpage/2023-05-04/1216684885.PDF
111006,嵘泰转债,SH,forced_redemption,2023-03-28,2023-05-09,2023-05-10,2023-05-10,100.224,master_field_semantics_sampled,
123077,汉得转债,SZ,forced_redemption,2023-04-07,2023-04-27,2023-04-28,2023-05-10,100.43,cninfo_ok,https://static.cninfo.com.cn/finalpage/2023-05-10/1216791688.PDF
127021,特发转2,SZ,forced_redemption,2023-04-15,2023-05-10,2023-05-11,2023-05-18,100.76,cninfo_ok,https://static.cninfo.com.cn/finalpage/2023-05-19/1216854805.PDF
123116,万兴转债,SZ,forced_redemption,2023-04-05,2023-05-17,2023-05-18,2023-05-25,100.66,cninfo_ok,https://static.cninfo.com.cn/finalpage/2023-05-26/1216908989.PDF
113585,寿仙转债,SH,forced_redemption,2023-05-16,2023-06-05,2023-06-06,2023-06-06,100.992,master_field_semantics_sampled,
123148,上能转债,SZ,forced_redemption,2023-05-06,2023-05-29,2023-05-30,2023-06-06,100.29,cninfo_ok,https://static.cninfo.com.cn/finalpage/2023-06-07/1217002283.PDF
110057,现代转债,SH,forced_redemption,2023-05-08,2023-06-15,2023-06-16,2023-06-16,100.375,master_field_semantics_sampled,
123136,城市转债,SZ,forced_redemption,2023-05-23,2023-07-04,2023-07-05,2023-07-12,100.23,cninfo_ok,https://static.cninfo.com.cn/finalpage/2023-07-13/1217282967.PDF
123014,凯发转债,SZ,maturity,2023-06-13,2023-07-27,2023-07-28,2023-07-28,106.0,master_field_semantics_sampled,
123098,一品转债,SZ,forced_redemption,2023-06-20,2023-07-24,2023-07-25,2023-08-01,100.488,cninfo_scheduled_only,https://static.cninfo.com.cn/finalpage/2023-07-24/1217372510.PDF
123075,贝斯转债,SZ,forced_redemption,2023-07-04,2023-07-27,2023-07-28,2023-08-04,100.734,cninfo_ok,https://static.cninfo.com.cn/finalpage/2023-08-07/1217469082.PDF
127036,三花转债,SZ,forced_redemption,2023-07-08,2023-07-31,2023-08-01,2023-08-08,100.1,cninfo_ok,https://static.cninfo.com.cn/finalpage/2023-08-09/1217491735.PDF
128079,英联转债,SZ,forced_redemption,2023-07-14,2023-08-09,2023-08-10,2023-08-17,101.36,cninfo_ok,https://static.cninfo.com.cn/finalpage/2023-08-18/1217564209.PDF
128140,润建转债,SZ,forced_redemption,2023-07-22,2023-08-21,2023-08-22,2023-08-29,100.71,cninfo_ok,https://static.cninfo.com.cn/finalpage/2023-08-30/1217694984.PDF
123046,天铁转债,SZ,forced_redemption,2023-09-06,2023-09-28,2023-10-09,2023-10-16,100.838,cninfo_ok,https://static.cninfo.com.cn/finalpage/2023-10-17/1218048963.PDF
110053,苏银转债,SH,forced_redemption,2023-09-05,2023-10-19,2023-10-20,2023-10-20,102.11,master_field_semantics_sampled,
113025,明泰转债,SH,forced_redemption,2023-10-13,2023-10-23,2023-10-24,2023-10-24,101.08,master_field_semantics_sampled,
113626,伯特转债,SH,forced_redemption,2023-10-10,2023-10-30,2023-10-31,2023-10-31,100.34,master_field_semantics_sampled,
127029,中钢转债,SZ,forced_redemption,2023-10-10,2023-10-30,2023-10-31,2023-11-07,100.37,cninfo_ok,https://static.cninfo.com.cn/finalpage/2023-11-08/1218273404.PDF
123140,天地转债,SZ,forced_redemption,2023-10-12,2023-11-03,2023-11-06,2023-11-13,100.45,cninfo_ok,https://static.cninfo.com.cn/finalpage/2023-11-14/1218329840.PDF
128111,中矿转债,SZ,forced_redemption,2023-10-19,2023-11-08,2023-11-09,2023-11-16,100.74,cninfo_ok,https://static.cninfo.com.cn/finalpage/2023-11-17/1218363750.PDF
128075,远东转债,SZ,forced_redemption,2023-10-20,2023-11-09,2023-11-10,2023-11-17,100.23,cninfo_ok,https://static.cninfo.com.cn/finalpage/2023-11-18/1218370274.PDF
123181,亚康转债,SZ,forced_redemption,2023-10-26,2023-11-21,2023-11-22,2023-11-29,100.27,cninfo_ok,https://static.cninfo.com.cn/finalpage/2023-11-30/1218478797.PDF
110080,东湖转债,SH,forced_redemption,2023-11-10,2023-12-05,2023-12-06,2023-12-06,100.652,master_field_semantics_sampled,
113057,中银转债,SH,forced_redemption,2023-11-25,2023-12-18,2023-12-19,2023-12-19,100.296,master_field_semantics_sampled,
113604,多伦转债,SH,forced_redemption,2023-12-14,2023-12-25,2023-12-26,2023-12-26,100.304,master_field_semantics_sampled,
113591,胜达转债,SH,forced_redemption,2023-12-15,2023-12-26,2023-12-27,2023-12-27,100.736,master_field_semantics_sampled,
118017,深科转债,SH,forced_redemption,2023-12-16,2024-01-09,2024-01-10,2024-01-10,100.212,master_field_semantics_sampled,
123164,法本转债,SZ,forced_redemption,2023-12-06,2024-01-04,2024-01-05,2024-01-12,100.12,cninfo_ok,https://static.cninfo.com.cn/finalpage/2024-01-15/1218867822.PDF
113535,大业转债,SH,forced_redemption,2023-12-06,2024-01-15,2024-01-16,2024-01-16,101.381,master_field_semantics_sampled,
128034,江银转债,SZ,maturity,2023-12-20,2024-01-26,2024-01-29,2024-01-29,106.0,master_field_semantics_sampled,
110043,无锡转债,SH,maturity,2023-12-25,2024-01-30,2024-01-31,2024-01-31,106.0,master_field_semantics_sampled,
110061,川投转债,SH,forced_redemption,2023-12-30,2024-01-31,2024-02-01,2024-02-01,100.405,master_field_semantics_sampled,
128035,大族转债,SZ,maturity,2024-01-04,2024-02-06,2024-02-07,2024-02-07,105.0,master_field_semantics_sampled,
113063,赛轮转债,SH,forced_redemption,2024-01-25,2024-02-22,2024-02-23,2024-02-23,100.155,master_field_semantics_sampled,
113595,花王转债,SH,forced_redemption,2024-01-27,2024-02-26,2024-02-27,2024-02-27,100.908,master_field_semantics_sampled,
113504,艾华转债,SH,maturity,2024-01-20,2024-03-01,2024-03-04,2024-03-04,106.0,master_field_semantics_sampled,
113505,杭电转债,SH,maturity,2024-01-19,2024-03-05,2024-03-06,2024-03-06,108.0,master_field_semantics_sampled,
128036,金农转债,SZ,maturity,2024-01-17,2024-03-08,2024-03-11,2024-03-11,106.0,master_field_semantics_sampled,
127005,长证转债,SZ,maturity,2024-01-30,2024-03-11,2024-03-12,2024-03-12,105.0,master_field_semantics_sampled,
127006,敖东转债,SZ,maturity,2024-02-02,2024-03-13,2024-03-14,2024-03-14,105.0,master_field_semantics_sampled,
128037,岩土转债,SZ,maturity,2024-02-06,2024-03-15,2024-03-18,2024-03-18,108.0,master_field_semantics_sampled,
127012,招路转债,SZ,forced_redemption,2024-03-05,2024-03-25,2024-03-26,2024-04-02,100.02,cninfo_ok,https://static.cninfo.com.cn/finalpage/2024-04-03/1219506263.PDF
110045,海澜转债,SH,forced_redemption,2024-03-07,2024-04-02,2024-04-03,2024-04-03,101.307,master_field_semantics_sampled,
110088,淮22转债,SH,forced_redemption,2024-03-08,2024-04-02,2024-04-03,2024-04-03,100.277,master_field_semantics_sampled,
127058,科伦转债,SZ,forced_redemption,2024-03-09,2024-03-29,2024-04-01,2024-04-10,100.02,cninfo_ok,https://static.cninfo.com.cn/finalpage/2024-04-12/1219581071.PDF
127065,瑞鹄转债,SZ,forced_redemption,2024-03-09,2024-03-29,2024-04-01,2024-04-10,100.47,cninfo_manual_official,https://static.cninfo.com.cn/finalpage/2024-04-11/1219568992.PDF
113594,淳中转债,SH,forced_redemption,2024-03-20,2024-04-11,2024-04-12,2024-04-12,101.312,master_field_semantics_sampled,
113566,翔港转债,SH,forced_redemption,2024-03-21,2024-04-12,2024-04-15,2024-04-15,105.283,master_field_semantics_sampled,
123167,商络转债,SZ,forced_redemption,2024-04-02,2024-04-24,2024-04-25,2024-05-07,100.26,cninfo_ok,https://static.cninfo.com.cn/finalpage/2024-05-08/1219996335.PDF
127063,贵轮转债,SZ,forced_redemption,2024-04-02,2024-04-24,2024-04-25,2024-05-07,100.01,cninfo_ok,https://static.cninfo.com.cn/finalpage/2024-05-08/1219998785.PDF
118019,金盘转债,SH,forced_redemption,2024-05-20,2024-05-27,2024-05-28,2024-05-28,100.35,master_field_semantics_sampled,
128039,三力转债,SZ,maturity,2024-05-06,2024-06-07,2024-06-11,2024-06-11,106.0,master_field_semantics_sampled,
113027,华钰转债,SH,forced_redemption,2024-05-22,2024-06-12,2024-06-13,2024-06-13,101.8,master_field_semantics_sampled,
123106,正丹转债,SZ,forced_redemption,2024-05-17,2024-06-06,2024-06-07,2024-06-17,100.31,cninfo_ok,https://static.cninfo.com.cn/finalpage/2024-06-18/1220376219.PDF
110044,广电转债,SH,maturity,2024-05-23,2024-06-26,2024-06-27,2024-06-27,108.0,master_field_semantics_sampled,
127007,湖广转债,SZ,maturity,2024-05-24,2024-06-28,2024-07-01,2024-07-01,108.0,master_field_semantics_sampled,
110091,合力转债,SH,forced_redemption,2024-06-12,2024-07-03,2024-07-04,2024-07-04,100.224,master_field_semantics_sampled,
123010,博世转债,SZ,maturity,2024-05-28,2024-07-05,2024-07-08,2024-07-08,108.0,master_field_semantics_sampled,
128123,国光转债,SZ,forced_redemption,2024-06-15,2024-07-05,2024-07-08,2024-07-15,101.43,cninfo_ok,https://static.cninfo.com.cn/finalpage/2024-07-17/1220653415.PDF
128041,盛路转债,SZ,maturity,2024-06-06,2024-07-16,2024-07-17,2024-07-17,110.0,master_field_semantics_sampled,
123011,德尔转债,SZ,maturity,2024-06-12,2024-07-18,2024-07-19,2024-07-19,112.0,master_field_semantics_sampled,
123012,万顺转债,SZ,maturity,2024-07-15,2024-07-19,2024-07-22,2024-07-22,106.0,master_field_semantics_sampled,
123153,英力转债,SZ,forced_redemption,2024-06-19,2024-07-18,2024-07-19,2024-07-26,100.6,cninfo_ok,https://static.cninfo.com.cn/finalpage/2024-07-26/1220740130.PDF
123013,横河转债,SZ,maturity,2024-07-19,2024-07-26,2024-07-29,2024-07-29,110.0,master_field_semantics_sampled,
128042,凯中转债,SZ,maturity,2024-06-20,2024-07-30,2024-07-31,2024-07-31,112.0,master_field_semantics_sampled,
113516,苏农转债,SH,maturity,2024-06-27,2024-08-01,2024-08-02,2024-08-02,110.0,master_field_semantics_sampled,
113602,景20转债,SH,forced_redemption,2024-07-25,2024-08-12,2024-08-13,2024-08-13,101.459,master_field_semantics_sampled,
110083,苏租转债,SH,forced_redemption,2024-09-07,2024-10-17,2024-10-18,2024-10-18,100.562,master_field_semantics_sampled,
113519,长久转债,SH,maturity,2024-09-25,2024-11-06,2024-11-07,2024-11-07,115.0,master_field_semantics_sampled,
128048,张行转债,SZ,maturity,2024-09-28,2024-11-12,2024-11-13,2024-11-13,109.0,master_field_semantics_sampled,
110047,山鹰转债,SH,maturity,2024-10-16,2024-11-20,2024-11-21,2024-11-21,113.0,master_field_semantics_sampled,
113600,新星转债,SH,forced_redemption,2024-10-29,2024-11-20,2024-11-21,2024-11-21,100.685,master_field_semantics_sampled,
123170,南电转债,SZ,forced_redemption,2024-10-26,2024-11-15,2024-11-18,2024-11-25,100.39,cninfo_ok,https://static.cninfo.com.cn/finalpage/2024-11-25/1221835470.PDF
123208,孩王转债,SZ,forced_redemption,2024-10-26,2024-11-15,2024-11-18,2024-11-25,100.16,cninfo_ok,https://static.cninfo.com.cn/finalpage/2024-11-26/1221836723.PDF
113060,浙22转债,SH,forced_redemption,2024-11-06,2024-11-27,2024-11-28,2024-11-28,100.275,master_field_semantics_sampled,
128049,华源转债,SZ,maturity,2024-11-21,2024-11-27,2024-11-28,2024-11-28,110.0,master_field_semantics_sampled,
123096,思创转债,SZ,forced_redemption,2024-11-01,2024-11-21,2024-11-22,2024-11-29,101.24,cninfo_ok,https://static.cninfo.com.cn/finalpage/2024-11-29/1221890683.PDF
113619,世运转债,SH,forced_redemption,2024-10-29,2024-12-02,2024-12-03,2024-12-03,101.3027,master_field_semantics_sampled,
113573,纵横转债,SH,forced_redemption,2024-11-09,2024-12-04,2024-12-05,2024-12-05,101.589,master_field_semantics_sampled,
123115,捷捷转债,SZ,forced_redemption,2024-11-07,2024-11-27,2024-11-28,2024-12-05,100.7,cninfo_ok,https://static.cninfo.com.cn/finalpage/2024-12-06/1221955536.PDF
123050,聚飞转债,SZ,forced_redemption,2024-11-06,2024-11-28,2024-11-29,2024-12-06,101.57,cninfo_ok,https://static.cninfo.com.cn/finalpage/2024-12-09/1221957894.PDF
110048,福能转债,SH,maturity,2024-10-31,2024-12-06,2024-12-09,2024-12-09,109.0,master_field_semantics_sampled,
123205,大叶转债,SZ,forced_redemption,2024-10-24,2024-11-29,2024-12-02,2024-12-09,100.15,cninfo_manual_official,https://static.cninfo.com.cn/finalpage/2024-12-09/1221970468.PDF
123044,红相转债,SZ,forced_redemption,2024-10-29,2024-12-02,2024-12-03,2024-12-10,102.19,cninfo_ok,https://static.cninfo.com.cn/finalpage/2024-12-10/1221984335.PDF
123143,胜蓝转债,SZ,forced_redemption,2024-11-06,2024-12-03,2024-12-04,2024-12-11,100.68,cninfo_ok,https://static.cninfo.com.cn/finalpage/2024-12-12/1222007290.PDF
113662,豪能转债,SH,forced_redemption,2024-11-21,2024-12-11,2024-12-12,2024-12-12,100.037,master_field_semantics_sampled,
128087,孚日转债,SZ,forced_redemption,2024-11-14,2024-12-04,2024-12-05,2024-12-12,101.74,cninfo_ok,https://static.cninfo.com.cn/finalpage/2024-12-13/1222004458.PDF
127074,麦米转2,SZ,forced_redemption,2024-11-12,2024-12-05,2024-12-06,2024-12-13,100.15,cninfo_ok,https://static.cninfo.com.cn/finalpage/2024-12-16/1222015576.PDF
128091,新天转债,SZ,forced_redemption,2024-11-14,2024-12-05,2024-12-06,2024-12-13,102.16,cninfo_scheduled_only,https://static.cninfo.com.cn/finalpage/2024-12-05/1221936117.PDF
113524,奇精转债,SH,maturity,2024-11-09,2024-12-13,2024-12-16,2024-12-16,113.0,master_field_semantics_sampled,
110068,龙净转债,SH,forced_redemption,2024-11-08,2024-12-17,2024-12-18,2024-12-18,101.327,master_field_semantics_sampled,
113537,文灿转债,SH,forced_redemption,2024-11-26,2024-12-17,2024-12-18,2024-12-18,101.83,master_field_semantics_sampled,
113596,城地转债,SH,forced_redemption,2024-11-08,2024-12-17,2024-12-18,2024-12-18,100.784,master_field_semantics_sampled,
128106,华统转债,SZ,forced_redemption,2024-11-07,2024-12-10,2024-12-11,2024-12-18,101.21,cninfo_ok,https://static.cninfo.com.cn/finalpage/2024-12-20/1222077369.PDF
110058,永鼎转债,SH,forced_redemption,2024-11-15,2024-12-19,2024-12-20,2024-12-20,101.3589,master_field_semantics_sampled,
123135,泰林转债,SZ,forced_redemption,2024-11-22,2024-12-12,2024-12-13,2024-12-20,101.15,cninfo_ok,https://static.cninfo.com.cn/finalpage/2024-12-23/1222091737.PDF
123018,溢利转债,SZ,maturity,2024-11-15,2024-12-20,2024-12-23,2024-12-23,110.0,master_field_semantics_sampled,
123101,拓斯转债,SZ,forced_redemption,2024-11-26,2024-12-16,2024-12-17,2024-12-24,101.16,cninfo_ok,https://static.cninfo.com.cn/finalpage/2024-12-24/1222128507.PDF
123219,宇瞳转债,SZ,forced_redemption,2024-11-07,2024-12-18,2024-12-19,2024-12-26,100.18,cninfo_ok,https://static.cninfo.com.cn/finalpage/2024-12-27/1222156669.PDF
128090,汽模转2,SZ,forced_redemption,2024-11-27,2024-12-18,2024-12-19,2024-12-26,101.77,cninfo_ok,https://static.cninfo.com.cn/finalpage/2024-12-27/1222155755.PDF
128118,瀛通转债,SZ,forced_redemption,2024-11-12,2024-12-18,2024-12-19,2024-12-26,101.4,cninfo_ok,https://static.cninfo.com.cn/finalpage/2024-12-27/1222154664.PDF
118026,利元转债,SH,forced_redemption,2024-12-04,2024-12-30,2024-12-31,2024-12-31,100.11,master_field_semantics_sampled,
123103,震安转债,SZ,forced_redemption,2024-12-04,2024-12-25,2024-12-26,2025-01-03,101.43,cninfo_ok,https://static.cninfo.com.cn/finalpage/2025-01-04/1222224229.PDF
123202,祥源转债,SZ,forced_redemption,2024-11-28,2024-12-25,2024-12-26,2025-01-03,100.19,cninfo_ok,https://static.cninfo.com.cn/finalpage/2025-01-03/1222223898.PDF
128063,未来转债,SZ,forced_redemption,2024-11-30,2024-12-25,2024-12-26,2025-01-03,102.93,cninfo_ok,https://static.cninfo.com.cn/finalpage/2025-01-04/1222223773.PDF
128083,新北转债,SZ,forced_redemption,2024-12-06,2024-12-26,2024-12-27,2025-01-06,100.08,cninfo_ok,https://static.cninfo.com.cn/finalpage/2025-01-07/1222246295.PDF
113576,起步转债,SH,forced_redemption,2024-12-26,2025-01-16,2025-01-17,2025-01-17,101.9315,master_field_semantics_sampled,
123035,利德转债,SZ,forced_redemption,2024-12-19,2025-01-09,2025-01-10,2025-01-17,100.31,cninfo_ok,https://static.cninfo.com.cn/finalpage/2025-01-20/1222366726.PDF
123238,卡倍转02,SZ,forced_redemption,2024-12-24,2025-01-14,2025-01-15,2025-01-22,100.004,cninfo_ok,https://static.cninfo.com.cn/finalpage/2025-01-23/1222405935.PDF
113526,联泰转债,SH,maturity,2024-12-17,2025-01-22,2025-01-23,2025-01-23,106.0,master_field_semantics_sampled,
123163,金沃转债,SZ,forced_redemption,2024-12-25,2025-01-15,2025-01-16,2025-01-23,100.26,cninfo_ok,https://static.cninfo.com.cn/finalpage/2025-01-24/1222418836.PDF
113527,维格转债,SH,maturity,2024-12-18,2025-01-23,2025-01-24,2025-01-24,115.0,master_field_semantics_sampled,
113055,成银转债,SH,forced_redemption,2024-12-18,2025-02-05,2025-02-06,2025-02-06,100.652,master_field_semantics_sampled,
113044,大秦转债,SH,forced_redemption,2024-12-25,2025-02-10,2025-02-11,2025-02-11,100.4203,master_field_semantics_sampled,
128053,尚荣转债,SZ,maturity,2025-02-07,2025-02-14,2025-02-17,2025-02-17,110.0,master_field_semantics_sampled,
113546,迪贝转债,SH,forced_redemption,2025-01-08,2025-02-18,2025-02-19,2025-02-19,100.9781,master_field_semantics_sampled,
128056,今飞转债,SZ,maturity,2025-01-17,2025-02-28,2025-03-03,2025-03-03,115.0,master_field_semantics_sampled,
113021,中信转债,SH,maturity,2025-01-16,2025-03-03,2025-03-04,2025-03-04,111.0,master_field_semantics_sampled,
110052,贵广转债,SH,maturity,2025-01-21,2025-03-04,2025-03-05,2025-03-05,113.0,master_field_semantics_sampled,
123127,耐普转债,SZ,forced_redemption,2025-02-11,2025-03-03,2025-03-04,2025-03-11,100.621,cninfo_ok,https://static.cninfo.com.cn/finalpage/2025-03-12/1222768827.PDF
128143,锋龙转债,SZ,forced_redemption,2025-02-12,2025-03-04,2025-03-05,2025-03-12,100.38,cninfo_ok,https://static.cninfo.com.cn/finalpage/2025-03-13/1222778652.PDF
113061,拓普转债,SH,forced_redemption,2025-02-20,2025-03-13,2025-03-14,2025-03-14,100.3995,master_field_semantics_sampled,
127032,苏行转债,SZ,forced_redemption,2025-01-22,2025-03-06,2025-03-07,2025-03-14,101.35,cninfo_ok,https://static.cninfo.com.cn/finalpage/2025-03-17/1222805653.PDF
110055,伊力转债,SH,maturity,2025-02-07,2025-03-14,2025-03-17,2025-03-17,110.0,master_field_semantics_sampled,
123022,长信转债,SZ,maturity,2025-02-11,2025-03-18,2025-03-19,2025-03-19,110.0,master_field_semantics_sampled,
113530,大丰转债,SH,maturity,2025-02-25,2025-03-26,2025-03-27,2025-03-27,116.0,master_field_semantics_sampled,
123067,斯莱转债,SZ,forced_redemption,2025-02-28,2025-03-20,2025-03-21,2025-03-28,101.267,cninfo_ok,https://static.cninfo.com.cn/finalpage/2025-03-31/1222944830.PDF
113608,威派转债,SH,forced_redemption,2025-03-07,2025-03-28,2025-03-31,2025-03-31,100.9337,master_field_semantics_sampled,
123025,精测转债,SZ,maturity,2025-02-20,2025-03-28,2025-03-31,2025-03-31,112.0,master_field_semantics_sampled,
113532,海环转债,SH,maturity,2025-02-24,2025-04-01,2025-04-02,2025-04-02,108.0,master_field_semantics_sampled,
123191,智尚转债,SZ,forced_redemption,2025-03-05,2025-03-25,2025-03-26,2025-04-02,100.38,cninfo_ok,https://static.cninfo.com.cn/finalpage/2025-04-03/1223005176.PDF
111008,沿浦转债,SH,forced_redemption,2025-03-12,2025-04-02,2025-04-03,2025-04-03,100.4997,master_field_semantics_sampled,
128062,亚药转债,SZ,maturity,2025-02-26,2025-04-02,2025-04-03,2025-04-03,115.0,master_field_semantics_sampled,
127100,神码转债,SZ,forced_redemption,2025-03-01,2025-03-27,2025-03-28,2025-04-07,100.13,cninfo_manual_official,https://static.cninfo.com.cn/finalpage/2025-04-08/1223022085.PDF
113024,核建转债,SH,maturity,2025-03-01,2025-04-07,2025-04-08,2025-04-08,105.0,master_field_semantics_sampled,
113534,鼎胜转债,SH,maturity,2025-02-28,2025-04-08,2025-04-09,2025-04-09,110.0,master_field_semantics_sampled,
113684,湘泵转债,SH,forced_redemption,2025-03-17,2025-04-08,2025-04-09,2025-04-09,100.0088,master_field_semantics_sampled,
123227,雅创转债,SZ,forced_redemption,2025-03-11,2025-03-31,2025-04-01,2025-04-09,100.22,cninfo_ok,https://static.cninfo.com.cn/finalpage/2025-04-09/1223044068.PDF
127014,北方转债,SZ,forced_redemption,2025-03-07,2025-04-03,2025-04-07,2025-04-14,100.9,cninfo_ok,https://static.cninfo.com.cn/finalpage/2025-04-15/1223096914.PDF
123100,朗科转债,SZ,forced_redemption,2025-03-18,2025-04-08,2025-04-09,2025-04-16,100.32,cninfo_manual_official,https://static.cninfo.com.cn/finalpage/2025-04-02/1222990615.PDF
127087,星帅转2,SZ,forced_redemption,2025-03-19,2025-04-09,2025-04-10,2025-04-17,100.41,cninfo_ok,https://static.cninfo.com.cn/finalpage/2025-04-18/1223129954.PDF
123226,中富转债,SZ,forced_redemption,2025-03-03,2025-04-10,2025-04-11,2025-04-18,100.19,cninfo_manual_official,https://static.cninfo.com.cn/finalpage/2025-04-21/1223193362.PDF
128066,亚泰转债,SZ,maturity,2025-03-11,2025-04-17,2025-04-18,2025-04-18,112.0,master_field_semantics_sampled,
123152,润禾转债,SZ,forced_redemption,2025-03-14,2025-04-11,2025-04-14,2025-04-21,100.87,cninfo_ok,https://static.cninfo.com.cn/finalpage/2025-04-21/1223187479.PDF
123190,道氏转02,SZ,forced_redemption,2025-03-19,2025-04-14,2025-04-15,2025-04-22,100.02,cninfo_ok,https://static.cninfo.com.cn/finalpage/2025-04-23/1223245971.PDF
113582,火炬转债,SH,forced_redemption,2025-03-25,2025-04-22,2025-04-23,2025-04-23,101.6323,master_field_semantics_sampled,
127091,科数转债,SZ,forced_redemption,2025-03-06,2025-04-15,2025-04-16,2025-04-23,100.32,cninfo_manual_official,https://static.cninfo.com.cn/finalpage/2025-04-24/1223238669.PDF
128072,翔鹭转债,SZ,forced_redemption,2025-03-20,2025-04-16,2025-04-17,2025-04-24,101.64,cninfo_ok,https://static.cninfo.com.cn/finalpage/2025-04-25/1223267935.PDF
118046,诺泰转债,SH,forced_redemption,2025-04-03,2025-04-24,2025-04-25,2025-04-25,100.1436,master_field_semantics_sampled,
123228,震裕转债,SZ,forced_redemption,2025-04-01,2025-04-22,2025-04-23,2025-04-30,100.2,cninfo_ok,https://static.cninfo.com.cn/finalpage/2025-05-06/1223476325.PDF
127051,博杰转债,SZ,forced_redemption,2025-03-14,2025-04-24,2025-04-25,2025-05-07,100.7,cninfo_manual_official,https://static.cninfo.com.cn/finalpage/2025-03-20/1222845104.PDF
128117,道恩转债,SZ,forced_redemption,2025-04-16,2025-05-12,2025-05-13,2025-05-20,101.73,cninfo_ok,https://static.cninfo.com.cn/finalpage/2025-05-21/1223607648.PDF
123132,回盛转债,SZ,forced_redemption,2025-04-18,2025-05-20,2025-05-21,2025-05-28,100.64,cninfo_scheduled_only,https://static.cninfo.com.cn/finalpage/2025-05-29/1223715482.PDF
123078,飞凯转债,SZ,forced_redemption,2025-04-26,2025-05-21,2025-05-22,2025-05-29,100.87,cninfo_ok,https://static.cninfo.com.cn/finalpage/2025-05-30/1223719531.PDF
113637,华翔转债,SH,forced_redemption,2025-04-26,2025-06-11,2025-06-12,2025-06-12,100.7068,master_field_semantics_sampled,
113561,正裕转债,SH,forced_redemption,2025-05-27,2025-06-18,2025-06-19,2025-06-19,101.1644,master_field_semantics_sampled,
113598,法兰转债,SH,forced_redemption,2025-05-28,2025-06-19,2025-06-20,2025-06-20,102.2192,master_field_semantics_sampled,
123218,宏昌转债,SZ,forced_redemption,2025-05-24,2025-06-16,2025-06-17,2025-06-24,100.42,cninfo_ok,https://static.cninfo.com.cn/finalpage/2025-06-25/1223974198.PDF
128070,智能转债,SZ,maturity,2025-05-22,2025-07-02,2025-07-03,2025-07-03,112.0,master_field_semantics_sampled,
110079,杭银转债,SH,forced_redemption,2025-05-27,2025-07-04,2025-07-07,2025-07-07,100.4932,master_field_semantics_sampled,
113050,南银转债,SH,forced_redemption,2025-06-10,2025-07-17,2025-07-18,2025-07-18,100.1537,master_field_semantics_sampled,
123184,天阳转债,SZ,forced_redemption,2025-06-19,2025-07-10,2025-07-11,2025-07-18,100.24,cninfo_ok,https://static.cninfo.com.cn/finalpage/2025-07-18/1224215621.PDF
123204,金丹转债,SZ,forced_redemption,2025-06-14,2025-07-10,2025-07-11,2025-07-18,100.4,cninfo_ok,https://static.cninfo.com.cn/finalpage/2025-07-21/1224236116.PDF
128122,兴森转债,SZ,maturity,2025-06-05,2025-07-22,2025-07-23,2025-07-23,110.0,master_field_semantics_sampled,
118028,会通转债,SH,forced_redemption,2025-07-04,2025-07-24,2025-07-25,2025-07-25,100.633,master_field_semantics_sampled,
123093,金陵转债,SZ,forced_redemption,2025-06-26,2025-07-17,2025-07-18,2025-07-25,101.726,cninfo_manual_official,https://static.cninfo.com.cn/finalpage/2025-07-26/1224299451.PDF
127043,川恒转债,SZ,forced_redemption,2025-06-24,2025-07-17,2025-07-18,2025-07-25,101.397,cninfo_ok,https://static.cninfo.com.cn/finalpage/2025-07-28/1224300722.PDF
111011,冠盛转债,SH,forced_redemption,2025-06-26,2025-07-28,2025-07-29,2025-07-29,100.4537,master_field_semantics_sampled,
128082,华锋转债,SZ,forced_redemption,2025-06-28,2025-07-21,2025-07-22,2025-07-29,101.764,cninfo_ok,https://static.cninfo.com.cn/finalpage/2025-07-30/1224329243.PDF
113629,泉峰转债,SH,forced_redemption,2025-07-09,2025-07-29,2025-07-30,2025-07-30,101.311,master_field_semantics_sampled,
113542,好客转债,SH,maturity,2025-06-28,2025-07-31,2025-08-01,2025-08-01,110.0,master_field_semantics_sampled,
123174,精锻转债,SZ,forced_redemption,2025-07-04,2025-07-30,2025-07-31,2025-08-07,100.45,cninfo_ok,https://static.cninfo.com.cn/finalpage/2025-08-08/1224426006.PDF
123248,恒辉转债,SZ,forced_redemption,2025-07-11,2025-07-31,2025-08-01,2025-08-08,100.19,cninfo_ok,https://static.cninfo.com.cn/finalpage/2025-08-11/1224440478.PDF
127106,伟隆转债,SZ,forced_redemption,2025-07-08,2025-07-31,2025-08-01,2025-08-08,100.485,cninfo_manual_official,https://static.cninfo.com.cn/finalpage/2025-08-11/1224442510.PDF
113609,永安转债,SH,forced_redemption,2025-07-15,2025-08-11,2025-08-12,2025-08-12,101.4301,master_field_semantics_sampled,
123082,北陆转债,SZ,forced_redemption,2025-07-15,2025-08-04,2025-08-05,2025-08-12,101.64,cninfo_ok,https://static.cninfo.com.cn/finalpage/2025-08-13/1224461288.PDF
113065,齐鲁转债,SH,forced_redemption,2025-07-05,2025-08-13,2025-08-14,2025-08-14,100.7068,master_field_semantics_sampled,
123186,志特转债,SZ,forced_redemption,2025-07-10,2025-08-07,2025-08-08,2025-08-15,100.36,cninfo_ok,https://static.cninfo.com.cn/finalpage/2025-08-15/1224498512.PDF
123029,英科转债,SZ,maturity,2025-07-11,2025-08-15,2025-08-18,2025-08-18,128.0,master_field_semantics_sampled,
123052,飞鹿转债,SZ,forced_redemption,2025-07-15,2025-08-08,2025-08-11,2025-08-18,100.55,cninfo_ok,https://static.cninfo.com.cn/finalpage/2025-08-19/1224502805.pdf
128071,合兴转债,SZ,maturity,2025-07-10,2025-08-15,2025-08-18,2025-08-18,110.0,master_field_semantics_sampled,
123038,联得转债,SZ,forced_redemption,2025-07-16,2025-08-11,2025-08-12,2025-08-19,101.7,cninfo_ok,https://static.cninfo.com.cn/finalpage/2025-08-19/1224518378.PDF
128109,楚江转债,SZ,forced_redemption,2025-07-23,2025-08-13,2025-08-14,2025-08-21,100.389,cninfo_ok,https://static.cninfo.com.cn/finalpage/2025-08-22/1224535008.PDF
118023,广大转债,SH,forced_redemption,2025-07-15,2025-08-22,2025-08-25,2025-08-25,100.8658,master_field_semantics_sampled,
128120,联诚转债,SZ,forced_redemption,2025-07-26,2025-08-15,2025-08-18,2025-08-25,100.22,cninfo_ok,https://static.cninfo.com.cn/finalpage/2025-08-26/1224569813.PDF
113068,金铜转债,SH,forced_redemption,2025-08-02,2025-08-25,2025-08-26,2025-08-26,100.0477,master_field_semantics_sampled,
123156,博汇转债,SZ,forced_redemption,2025-07-26,2025-08-19,2025-08-20,2025-08-27,100.02,cninfo_ok,https://static.cninfo.com.cn/finalpage/2025-08-28/1224589474.PDF
123063,大禹转债,SZ,forced_redemption,2025-07-31,2025-08-20,2025-08-21,2025-08-28,100.2,cninfo_scheduled_only,https://static.cninfo.com.cn/finalpage/2025-08-29/1224612778.PDF
127035,濮耐转债,SZ,forced_redemption,2025-07-29,2025-08-20,2025-08-21,2025-08-28,100.906,cninfo_ok,https://static.cninfo.com.cn/finalpage/2025-08-29/1224605020.PDF
113549,白电转债,SH,forced_redemption,2025-08-07,2025-08-28,2025-08-29,2025-08-29,101.5726,master_field_semantics_sampled,
123031,晶瑞转债,SZ,maturity,2025-07-24,2025-08-28,2025-08-29,2025-08-29,111.0,master_field_semantics_sampled,
123048,应急转债,SZ,forced_redemption,2025-07-22,2025-08-27,2025-08-28,2025-09-04,100.77,cninfo_ok,https://static.cninfo.com.cn/finalpage/2025-09-04/1224639850.PDF
128074,游族转债,SZ,forced_redemption,2025-08-07,2025-08-27,2025-08-28,2025-09-04,101.8575,cninfo_ok,https://static.cninfo.com.cn/finalpage/2025-09-06/1224642265.PDF
123141,宏丰转债,SZ,forced_redemption,2025-08-01,2025-08-28,2025-08-29,2025-09-05,100.92,cninfo_ok,https://static.cninfo.com.cn/finalpage/2025-09-05/1224642279.PDF
127101,豪鹏转债,SZ,forced_redemption,2025-08-08,2025-08-28,2025-08-29,2025-09-05,100.34,cninfo_ok,https://static.cninfo.com.cn/finalpage/2025-09-08/1224640552.PDF
113064,东材转债,SH,forced_redemption,2025-08-08,2025-09-05,2025-09-08,2025-09-08,100.8055,master_field_semantics_sampled,
123120,隆华转债,SZ,forced_redemption,2025-08-09,2025-08-29,2025-09-01,2025-09-08,100.22,cninfo_ok,https://static.cninfo.com.cn/finalpage/2025-09-08/1224644878.PDF
118014,高测转债,SH,forced_redemption,2025-08-16,2025-09-08,2025-09-09,2025-09-09,100.1742,master_field_semantics_sampled,
123206,开能转债,SZ,forced_redemption,2025-08-12,2025-09-01,2025-09-02,2025-09-09,100.118,cninfo_ok,https://static.cninfo.com.cn/finalpage/2025-09-09/1224647619.PDF
128133,奇正转债,SZ,forced_redemption,2025-08-12,2025-09-02,2025-09-03,2025-09-10,101.701,cninfo_ok,https://static.cninfo.com.cn/finalpage/2025-09-11/1224649755.PDF
113606,荣泰转债,SH,forced_redemption,2025-08-19,2025-09-11,2025-09-12,2025-09-12,102.1713,master_field_semantics_sampled,
123087,明电转债,SZ,forced_redemption,2025-07-31,2025-09-05,2025-09-08,2025-09-15,101.83,cninfo_ok,https://static.cninfo.com.cn/finalpage/2025-09-16/1224664921.PDF
123231,信测转债,SZ,forced_redemption,2025-08-09,2025-09-05,2025-09-08,2025-09-15,100.42,cninfo_ok,https://static.cninfo.com.cn/finalpage/2025-09-16/1224660778.PDF
113664,大元转债,SH,forced_redemption,2025-08-23,2025-09-16,2025-09-17,2025-09-17,100.7836,master_field_semantics_sampled,
113565,宏辉转债,SH,forced_redemption,2025-08-28,2025-09-18,2025-09-19,2025-09-19,101.6849,master_field_semantics_sampled,
123130,设研转债,SZ,forced_redemption,2025-08-22,2025-09-11,2025-09-12,2025-09-19,101.25,cninfo_ok,https://static.cninfo.com.cn/finalpage/2025-09-22/1224672697.PDF
127077,华宏转债,SZ,forced_redemption,2025-08-27,2025-09-16,2025-09-17,2025-09-24,100.79,cninfo_ok,https://static.cninfo.com.cn/finalpage/2025-09-25/1224678724.PDF
128131,崇达转2,SZ,forced_redemption,2025-08-23,2025-09-16,2025-09-17,2025-09-24,100.049,cninfo_ok,https://static.cninfo.com.cn/finalpage/2025-09-26/1224680872.PDF
123145,药石转债,SZ,forced_redemption,2025-08-15,2025-09-17,2025-09-18,2025-09-25,100.62,cninfo_ok,https://static.cninfo.com.cn/finalpage/2025-09-26/1224682809.PDF
113641,华友转债,SH,forced_redemption,2025-08-30,2025-09-26,2025-09-29,2025-09-29,100.8918,master_field_semantics_sampled,
123169,正海转债,SZ,forced_redemption,2025-08-25,2025-09-19,2025-09-22,2025-09-29,100.5,cninfo_ok,https://static.cninfo.com.cn/finalpage/2025-09-29/1224688474.PDF
127052,西子转债,SZ,forced_redemption,2025-08-29,2025-09-19,2025-09-22,2025-09-29,101.12,cninfo_scheduled_only,https://static.cninfo.com.cn/finalpage/2025-09-30/1224689260.PDF
128132,交建转债,SZ,forced_redemption,2025-08-29,2025-09-22,2025-09-23,2025-09-30,100.044,cninfo_ok,https://static.cninfo.com.cn/finalpage/2025-10-10/1224702904.PDF
113669,景23转债,SH,forced_redemption,2025-09-10,2025-09-30,2025-10-09,2025-10-09,100.515,master_field_semantics_sampled,
123232,金现转债,SZ,forced_redemption,2025-08-25,2025-09-23,2025-09-24,2025-10-09,100.41,cninfo_ok,https://static.cninfo.com.cn/finalpage/2025-10-13/1224706102.PDF
111007,永和转债,SH,forced_redemption,2025-08-26,2025-10-09,2025-10-10,2025-10-10,100.9973,master_field_semantics_sampled,
113690,豪24转债,SH,forced_redemption,2025-09-13,2025-10-10,2025-10-13,2025-10-13,100.1945,master_field_semantics_sampled,
123162,东杰转债,SZ,forced_redemption,2025-08-20,2025-09-25,2025-09-26,2025-10-13,100.95,cninfo_ok,https://static.cninfo.com.cn/finalpage/2025-10-14/1224709716.PDF
113545,金能转债,SH,maturity,2025-09-05,2025-10-13,2025-10-14,2025-10-14,110.0,master_field_semantics_sampled,
128081,海亮转债,SZ,forced_redemption,2025-08-26,2025-09-26,2025-09-29,2025-10-14,101.71,cninfo_ok,https://static.cninfo.com.cn/finalpage/2025-10-15/1224711678.PDF
123200,海泰转债,SZ,forced_redemption,2025-08-22,2025-09-29,2025-09-30,2025-10-15,100.26,cninfo_ok,https://static.cninfo.com.cn/finalpage/2025-10-16/1224712884.PDF
123244,松原转债,SZ,forced_redemption,2025-09-09,2025-09-29,2025-09-30,2025-10-15,100.07,cninfo_ok,https://static.cninfo.com.cn/finalpage/2025-10-16/1224716873.PDF
128076,金轮转债,SZ,maturity,2025-09-03,2025-10-14,2025-10-15,2025-10-15,110.0,master_field_semantics_sampled,
123161,强联转债,SZ,forced_redemption,2025-09-04,2025-09-30,2025-10-09,2025-10-16,100.99,cninfo_ok,https://static.cninfo.com.cn/finalpage/2025-10-17/1224717212.PDF
113668,鹿山转债,SH,forced_redemption,2025-09-19,2025-10-17,2025-10-20,2025-10-20,100.6805,master_field_semantics_sampled,
113569,科达转债,SH,forced_redemption,2025-09-18,2025-10-20,2025-10-21,2025-10-21,101.8575,master_field_semantics_sampled,
123056,雪榕转债,SZ,forced_redemption,2025-09-04,2025-10-14,2025-10-15,2025-10-22,100.93,cninfo_ok,https://static.cninfo.com.cn/finalpage/2025-10-23/1224726346.PDF
123089,九洲转2,SZ,forced_redemption,2025-09-16,2025-10-14,2025-10-15,2025-10-22,102.04,cninfo_ok,https://static.cninfo.com.cn/finalpage/2025-10-23/1224724751.PDF
127107,领益转债,SZ,forced_redemption,2025-09-09,2025-10-14,2025-10-15,2025-10-22,100.181,cninfo_manual_official,https://static.cninfo.com.cn/finalpage/2025-10-23/1224726189.PDF
127097,三羊转债,SZ,forced_redemption,2025-09-17,2025-10-16,2025-10-17,2025-10-24,100.49,cninfo_ok,https://static.cninfo.com.cn/finalpage/2025-10-25/1224733355.PDF
123147,中辰转债,SZ,forced_redemption,2025-09-06,2025-10-17,2025-10-20,2025-10-27,100.58,cninfo_ok,https://static.cninfo.com.cn/finalpage/2025-10-27/1224742351.PDF
110059,浦发转债,SH,maturity,2025-09-16,2025-10-27,2025-10-28,2025-10-28,110.0,master_field_semantics_sampled,
110060,天路转债,SH,maturity,2025-09-20,2025-10-27,2025-10-28,2025-10-28,110.0,master_field_semantics_sampled,
113675,新23转债,SH,forced_redemption,2025-09-30,2025-10-29,2025-10-30,2025-10-30,100.2192,master_field_semantics_sampled,
128130,景兴转债,SZ,forced_redemption,2025-09-24,2025-10-22,2025-10-23,2025-10-30,100.29,cninfo_ok,https://static.cninfo.com.cn/finalpage/2025-10-31/1224776121.PDF
123034,通光转债,SZ,maturity,2025-09-22,2025-11-03,2025-11-04,2025-11-04,113.0,master_field_semantics_sampled,
123166,蒙泰转债,SZ,forced_redemption,2025-09-30,2025-10-29,2025-10-30,2025-11-06,101.19,cninfo_ok,https://static.cninfo.com.cn/finalpage/2025-11-07/1224791370.PDF
113577,春秋转债,SH,forced_redemption,2025-09-24,2025-11-06,2025-11-07,2025-11-07,101.701,master_field_semantics_sampled,
128095,恩捷转债,SZ,forced_redemption,2025-10-10,2025-10-30,2025-10-31,2025-11-07,101.44,cninfo_ok,https://static.cninfo.com.cn/finalpage/2025-11-08/1224793119.PDF
123217,富仕转债,SZ,forced_redemption,2025-09-30,2025-11-03,2025-11-04,2025-11-11,100.19,cninfo_scheduled_only,https://static.cninfo.com.cn/finalpage/2025-11-12/1224797831.PDF
128105,长集转债,SZ,forced_redemption,2025-10-14,2025-11-03,2025-11-04,2025-11-11,101.151,cninfo_ok,https://static.cninfo.com.cn/finalpage/2025-11-12/1224797978.PDF
123201,纽泰转债,SZ,forced_redemption,2025-10-14,2025-11-04,2025-11-05,2025-11-12,100.36,cninfo_ok,https://static.cninfo.com.cn/finalpage/2025-11-13/1224803940.PDF
113621,彤程转债,SH,forced_redemption,2025-11-03,2025-11-13,2025-11-14,2025-11-14,101.44,master_field_semantics_sampled,
113685,升24转债,SH,forced_redemption,2025-10-16,2025-11-13,2025-11-14,2025-11-14,100.1677,master_field_semantics_sampled,
113628,晨丰转债,SH,forced_redemption,2025-10-14,2025-11-20,2025-11-21,2025-11-21,100.6164,master_field_semantics_sampled,
113689,洛凯转债,SH,forced_redemption,2025-10-11,2025-11-20,2025-11-21,2025-11-21,100.0384,master_field_semantics_sampled,
110062,烽火转债,SH,maturity,2025-11-04,2025-12-01,2025-12-02,2025-12-02,106.0,master_field_semantics_sampled,
113047,旗滨转债,SH,forced_redemption,2025-11-06,2025-12-02,2025-12-03,2025-12-03,101.1737,master_field_semantics_sampled,
127020,中金转债,SZ,forced_redemption,2025-10-31,2025-11-25,2025-11-26,2025-12-03,100.7,cninfo_ok,https://static.cninfo.com.cn/finalpage/2025-12-04/1224847228.PDF
127086,恒邦转债,SZ,forced_redemption,2025-10-18,2025-11-27,2025-11-28,2025-12-05,100.28,cninfo_ok,https://static.cninfo.com.cn/finalpage/2025-12-08/1224852743.PDF
127073,天赐转债,SZ,forced_redemption,2025-11-12,2025-12-02,2025-12-03,2025-12-10,100.29,cninfo_ok,https://static.cninfo.com.cn/finalpage/2025-12-11/1224865622.PDF
110082,宏发转债,SH,forced_redemption,2025-11-21,2025-12-11,2025-12-12,2025-12-12,100.2219,master_field_semantics_sampled,
110063,鹰19转债,SH,maturity,2025-11-11,2025-12-12,2025-12-15,2025-12-15,111.0,master_field_semantics_sampled,
113683,伟24转债,SH,forced_redemption,2025-11-27,2025-12-17,2025-12-18,2025-12-18,100.2904,master_field_semantics_sampled,
110096,豫光转债,SH,forced_redemption,2025-11-15,2025-12-18,2025-12-19,2025-12-19,100.106,master_field_semantics_sampled,
123203,明电转02,SZ,forced_redemption,2025-11-21,2025-12-11,2025-12-12,2025-12-19,100.44,cninfo_ok,https://static.cninfo.com.cn/finalpage/2025-12-20/1224888253.PDF
127019,国城转债,SZ,forced_redemption,2025-11-20,2025-12-11,2025-12-12,2025-12-19,100.82,cninfo_ok,https://static.cninfo.com.cn/finalpage/2025-12-22/1224888340.PDF
110064,建工转债,SH,maturity,2025-11-19,2025-12-19,2025-12-22,2025-12-22,113.0,master_field_semantics_sampled,
123177,测绘转债,SZ,forced_redemption,2025-11-14,2025-12-12,2025-12-15,2025-12-22,100.79,cninfo_ok,https://static.cninfo.com.cn/finalpage/2025-12-22/1224890272.PDF
123234,中能转债,SZ,forced_redemption,2025-11-25,2025-12-15,2025-12-16,2025-12-23,100.01,cninfo_scheduled_only,https://static.cninfo.com.cn/finalpage/2025-12-24/1224894944.PDF
113030,东风转债,SH,maturity,2025-11-19,2025-12-23,2025-12-24,2025-12-24,112.0,master_field_semantics_sampled,
123212,立中转债,SZ,forced_redemption,2025-11-18,2025-12-16,2025-12-17,2025-12-24,100.39,cninfo_ok,https://static.cninfo.com.cn/finalpage/2025-12-25/1224895832.PDF
113663,新化转债,SH,forced_redemption,2025-12-05,2025-12-25,2025-12-26,2025-12-26,100.1151,master_field_semantics_sampled,
123039,开润转债,SZ,maturity,2025-11-17,2025-12-25,2025-12-26,2025-12-26,115.0,master_field_semantics_sampled,
123240,楚天转债,SZ,forced_redemption,2025-11-18,2025-12-19,2025-12-22,2025-12-29,100.45,cninfo_ok,https://static.cninfo.com.cn/finalpage/2025-12-29/1224904102.PDF
127081,中旗转债,SZ,forced_redemption,2025-11-29,2025-12-19,2025-12-22,2025-12-29,100.805,cninfo_ok,https://static.cninfo.com.cn/finalpage/2025-12-30/1224906096.PDF
123185,能辉转债,SZ,forced_redemption,2025-12-03,2025-12-23,2025-12-24,2025-12-31,100.73,cninfo_ok,https://static.cninfo.com.cn/finalpage/2026-01-05/1224915163.PDF
127015,希望转债,SZ,maturity,2025-12-01,2025-12-31,2026-01-05,2026-01-05,106.0,master_field_semantics_sampled,
128144,利民转债,SZ,forced_redemption,2025-12-05,2025-12-25,2025-12-26,2026-01-06,101.22,cninfo_ok,https://static.cninfo.com.cn/finalpage/2026-01-07/1224922204.PDF
123249,英搏转债,SZ,forced_redemption,2025-12-13,2026-01-06,2026-01-07,2026-01-14,100.1,cninfo_ok,https://static.cninfo.com.cn/finalpage/2026-01-15/1224933661.PDF
113563,柳药转债,SH,maturity,2025-12-09,2026-01-15,2026-01-16,2026-01-16,108.0,master_field_semantics_sampled,
113657,再22转债,SH,forced_redemption,2025-12-27,2026-01-20,2026-01-21,2026-01-21,100.4685,master_field_semantics_sampled,
113069,博23转债,SH,forced_redemption,2025-12-20,2026-01-21,2026-01-22,2026-01-22,100.0679,master_field_semantics_sampled,
113593,沪工转债,SH,forced_redemption,2025-12-10,2026-01-21,2026-01-22,2026-01-22,101.4268,master_field_semantics_sampled,
123233,凯盛转债,SZ,forced_redemption,2025-12-23,2026-01-14,2026-01-15,2026-01-22,100.1,cninfo_ok,https://static.cninfo.com.cn/finalpage/2026-01-23/1224945451.PDF
128116,瑞达转债,SZ,forced_redemption,2025-12-25,2026-01-16,2026-01-19,2026-01-26,101.118,cninfo_ok,https://static.cninfo.com.cn/finalpage/2026-01-27/1224950985.PDF
123230,金钟转债,SZ,forced_redemption,2025-12-23,2026-01-19,2026-01-20,2026-01-27,100.2,cninfo_ok,https://static.cninfo.com.cn/finalpage/2026-01-28/1224952388.PDF
113045,环旭转债,SH,forced_redemption,2026-01-08,2026-01-28,2026-01-29,2026-01-29,101.6323,master_field_semantics_sampled,
113672,福蓉转债,SH,forced_redemption,2025-12-20,2026-01-28,2026-01-29,2026-01-29,100.5342,master_field_semantics_sampled,
127028,英特转债,SZ,forced_redemption,2025-12-31,2026-01-22,2026-01-23,2026-01-30,100.1,cninfo_ok,https://static.cninfo.com.cn/finalpage/2026-02-02/1224959404.PDF
118009,华锐转债,SH,forced_redemption,2026-01-10,2026-02-02,2026-02-03,2026-02-03,101.1047,master_field_semantics_sampled,
118029,富淼转债,SH,forced_redemption,2026-01-16,2026-02-05,2026-02-06,2026-02-06,100.2178,master_field_semantics_sampled,
118043,福立转债,SH,forced_redemption,2026-01-20,2026-02-10,2026-02-11,2026-02-11,100.3967,master_field_semantics_sampled,
111016,神通转债,SH,forced_redemption,2026-01-21,2026-02-12,2026-02-13,2026-02-13,100.4449,master_field_semantics_sampled,
123159,崧盛转债,SZ,forced_redemption,2026-01-13,2026-02-05,2026-02-06,2026-02-13,100.54,cninfo_ok,https://static.cninfo.com.cn/finalpage/2026-02-24/1224983198.PDF
127042,嘉美转债,SZ,forced_redemption,2026-01-16,2026-02-05,2026-02-06,2026-02-13,100.893,cninfo_ok,https://static.cninfo.com.cn/finalpage/2026-02-24/1224981813.PDF
113639,华正转债,SH,forced_redemption,2026-01-24,2026-02-13,2026-02-24,2026-02-24,100.1529,master_field_semantics_sampled,
128097,奥佳转债,SZ,maturity,2026-01-13,2026-02-25,2026-02-26,2026-02-26,110.0,master_field_semantics_sampled,
127039,北港转债,SZ,forced_redemption,2026-01-23,2026-02-12,2026-02-13,2026-03-02,101.13,cninfo_ok,https://static.cninfo.com.cn/finalpage/2026-03-03/1224992206.PDF
110089,兴发转债,SH,forced_redemption,2026-01-28,2026-03-03,2026-03-04,2026-03-04,100.6699,master_field_semantics_sampled,
113623,凤21转债,SH,forced_redemption,2026-02-07,2026-03-10,2026-03-11,2026-03-11,101.6619,master_field_semantics_sampled,
110067,华安转债,SH,maturity,2026-02-03,2026-03-11,2026-03-12,2026-03-12,107.0,master_field_semantics_sampled,
110094,众和转债,SH,forced_redemption,2026-02-10,2026-03-11,2026-03-12,2026-03-12,100.5195,master_field_semantics_sampled,
123242,赛龙转债,SZ,forced_redemption,2026-01-20,2026-03-04,2026-03-05,2026-03-12,100.33,cninfo_ok,https://static.cninfo.com.cn/finalpage/2026-03-13/1225006665.PDF
123128,首华转债,SZ,forced_redemption,2026-02-05,2026-03-05,2026-03-06,2026-03-13,100.616,cninfo_manual_official,https://static.cninfo.com.cn/finalpage/2026-03-16/1225008823.PDF
127071,天箭转债,SZ,forced_redemption,2026-01-20,2026-03-05,2026-03-06,2026-03-13,100.81,cninfo_ok,https://static.cninfo.com.cn/finalpage/2026-03-14/1225008802.PDF
123182,广联转债,SZ,forced_redemption,2026-01-17,2026-03-06,2026-03-09,2026-03-16,100.96,cninfo_ok,https://static.cninfo.com.cn/finalpage/2026-03-17/1225011407.PDF
128101,联创转债,SZ,maturity,2026-01-26,2026-03-16,2026-03-17,2026-03-17,110.0,master_field_semantics_sampled,
123221,力诺转债,SZ,forced_redemption,2026-02-12,2026-03-12,2026-03-13,2026-03-20,100.55,cninfo_ok,https://static.cninfo.com.cn/finalpage/2026-03-23/1225021452.PDF
111019,宏柏转债,SH,forced_redemption,2026-02-28,2026-03-20,2026-03-23,2026-03-23,100.3726,master_field_semantics_sampled,
113651,松霖转债,SH,forced_redemption,2026-02-28,2026-03-20,2026-03-23,2026-03-23,101.011,master_field_semantics_sampled,
118045,盟升转债,SH,forced_redemption,2026-02-07,2026-03-23,2026-03-24,2026-03-24,100.3173,master_field_semantics_sampled,
123210,信服转债,SZ,forced_redemption,2026-02-12,2026-03-16,2026-03-17,2026-03-24,100.51,cninfo_ok,https://static.cninfo.com.cn/finalpage/2026-03-25/1225027859.PDF
113676,荣23转债,SH,forced_redemption,2026-02-07,2026-03-24,2026-03-25,2026-03-25,100.48,master_field_semantics_sampled,
118021,新致转债,SH,forced_redemption,2026-02-06,2026-03-24,2026-03-25,2026-03-25,100.8827,master_field_semantics_sampled,
118054,安集转债,SH,forced_redemption,2026-03-03,2026-03-26,2026-03-27,2026-03-27,100.291,master_field_semantics_sampled,
123108,乐普转2,SZ,maturity,2026-02-25,2026-03-27,2026-03-30,2026-03-30,107.8,master_field_semantics_sampled,
113574,华体转债,SH,maturity,2026-02-27,2026-03-30,2026-03-31,2026-03-31,110.0,master_field_semantics_sampled,
118048,利扬转债,SH,forced_redemption,2026-03-10,2026-03-30,2026-03-31,2026-03-31,100.2981,master_field_semantics_sampled,
113033,利群转债,SH,maturity,2026-02-25,2026-03-31,2026-04-01,2026-04-01,110.0,master_field_semantics_sampled,
127022,恒逸转债,SZ,forced_redemption,2026-03-03,2026-03-24,2026-03-25,2026-04-01,100.88,cninfo_manual_official,https://static.cninfo.com.cn/finalpage/2026-04-02/1225072731.PDF
118000,嘉元转债,SH,forced_redemption,2026-02-25,2026-04-01,2026-04-02,2026-04-02,100.3123,master_field_semantics_sampled,
118055,伟测转债,SH,forced_redemption,2026-03-13,2026-04-02,2026-04-03,2026-04-03,100.0984,master_field_semantics_sampled,
118008,海优转债,SH,forced_redemption,2026-02-28,2026-04-03,2026-04-07,2026-04-07,101.2625,master_field_semantics_sampled,
123239,锋工转债,SZ,forced_redemption,2026-03-10,2026-03-30,2026-03-31,2026-04-08,100.156,cninfo_ok,https://static.cninfo.com.cn/finalpage/2026-04-09/1225084986.PDF
127016,鲁泰转债,SZ,maturity,2026-03-03,2026-04-08,2026-04-09,2026-04-09,111.0,master_field_semantics_sampled,
127075,百川转2,SZ,forced_redemption,2026-03-11,2026-03-31,2026-04-01,2026-04-09,100.809,cninfo_ok,https://static.cninfo.com.cn/finalpage/2026-04-10/1225088835.PDF
113601,塞力转债,SH,forced_redemption,2026-03-13,2026-04-09,2026-04-10,2026-04-10,101.9068,master_field_semantics_sampled,
110070,凌钢转债,SH,maturity,2026-03-04,2026-04-10,2026-04-13,2026-04-13,112.0,master_field_semantics_sampled,
123049,维尔转债,SZ,maturity,2026-03-10,2026-04-10,2026-04-13,2026-04-13,118.0,master_field_semantics_sampled,
123197,光力转债,SZ,forced_redemption,2026-03-13,2026-04-07,2026-04-08,2026-04-15,101.101,cninfo_manual_official,https://static.cninfo.com.cn/finalpage/2026-04-07/1225081389.PDF
127076,中宠转2,SZ,forced_redemption,2026-03-14,2026-04-07,2026-04-08,2026-04-15,100.678,cninfo_ok,https://static.cninfo.com.cn/finalpage/2026-04-16/1225106494.PDF
123146,中环转2,SZ,forced_redemption,2026-03-03,2026-04-09,2026-04-10,2026-04-17,101.486,cninfo_ok,https://static.cninfo.com.cn/finalpage/2026-04-17/1225116880.PDF
113653,永22转债,SH,forced_redemption,2026-03-13,2026-04-21,2026-04-22,2026-04-22,101.1014,master_field_semantics_sampled,
127094,红墙转债,SZ,forced_redemption,2026-03-12,2026-04-14,2026-04-15,2026-04-22,100.49,cninfo_ok,https://static.cninfo.com.cn/finalpage/2026-04-23/1225150441.PDF
113579,健友转债,SH,maturity,2026-03-18,2026-04-22,2026-04-23,2026-04-23,109.0,master_field_semantics_sampled,
123246,远信转债,SZ,forced_redemption,2026-03-17,2026-04-15,2026-04-16,2026-04-23,100.47,cninfo_manual_official,https://static.cninfo.com.cn/finalpage/2026-04-07/1225081478.PDF
113687,振华转债,SH,forced_redemption,2026-04-02,2026-04-23,2026-04-24,2026-04-24,100.3134,master_field_semantics_sampled,
118049,汇成转债,SH,forced_redemption,2026-03-17,2026-04-27,2026-04-28,2026-04-28,100.2893,master_field_semantics_sampled,
118038,金宏转债,SH,forced_redemption,2026-03-31,2026-04-28,2026-04-29,2026-04-29,100.7836,master_field_semantics_sampled,
118006,阿拉转债,SH,forced_redemption,2026-04-02,2026-04-30,2026-05-06,2026-05-06,100.3562,master_field_semantics_sampled,
123254,亿纬转债,SZ,forced_redemption,2026-03-31,2026-04-23,2026-04-24,2026-05-06,100.034,cninfo_ok,https://static.cninfo.com.cn/finalpage/2026-05-07/1225280637.PDF
113618,美诺转债,SH,forced_redemption,2026-04-14,2026-05-07,2026-05-08,2026-05-08,100.6247,master_field_semantics_sampled,
113654,永02转债,SH,forced_redemption,2026-04-15,2026-05-12,2026-05-13,2026-05-13,101.1589,master_field_semantics_sampled,
123129,锦鸡转债,SZ,forced_redemption,2026-04-15,2026-05-08,2026-05-11,2026-05-18,101.18,cninfo_ok,https://static.cninfo.com.cn/finalpage/2026-05-18/1225314464.PDF
118003,华兴转债,SH,forced_redemption,2026-04-23,2026-05-18,2026-05-19,2026-05-19,100.8433,master_field_semantics_sampled,
123256,恒帅转债,SZ,forced_redemption,2026-04-17,2026-05-12,2026-05-13,2026-05-20,100.191,cninfo_ok,https://static.cninfo.com.cn/finalpage/2026-05-20/1225319087.PDF
118004,博瑞转债,SH,forced_redemption,2026-04-28,2026-05-21,2026-05-22,2026-05-22,100.9452,master_field_semantics_sampled,
123085,万顺转2,SZ,forced_redemption,2026-04-21,2026-05-15,2026-05-18,2026-05-25,100.87,cninfo_ok,https://static.cninfo.com.cn/finalpage/2026-05-26/1225328954.PDF
128141,旺能转债,SZ,forced_redemption,2026-04-24,2026-05-19,2026-05-20,2026-05-27,100.844,cninfo_ok,https://static.cninfo.com.cn/finalpage/2026-05-28/1225333907.PDF
128108,蓝帆转债,SZ,maturity,2026-04-20,2026-05-27,2026-05-28,2026-05-28,108.0,master_field_semantics_sampled,
111005,富春转债,SH,forced_redemption,2026-04-30,2026-05-28,2026-05-29,2026-05-29,101.3973,master_field_semantics_sampled,
111013,新港转债,SH,forced_redemption,2026-04-22,2026-06-01,2026-06-02,2026-06-02,100.3534,master_field_semantics_sampled,
127017,万青转债,SZ,maturity,2026-04-24,2026-06-02,2026-06-03,2026-06-03,113.0,master_field_semantics_sampled,
123236,家联转债,SZ,forced_redemption,2026-04-21,2026-05-27,2026-05-28,2026-06-04,100.344,cninfo_ok,https://static.cninfo.com.cn/finalpage/2026-06-05/1225352703.PDF
113584,家悦转债,SH,maturity,2026-04-24,2026-06-04,2026-06-05,2026-06-05,110.0,master_field_semantics_sampled,
123054,思特转债,SZ,forced_redemption,2026-05-08,2026-05-28,2026-05-29,2026-06-05,102.9,cninfo_ok,https://static.cninfo.com.cn/finalpage/2026-06-08/1225358506.PDF
127024,盈峰转债,SZ,forced_redemption,2026-05-06,2026-05-28,2026-05-29,2026-06-05,101.129,cninfo_ok,https://static.cninfo.com.cn/finalpage/2026-06-09/1225358563.PDF
123126,瑞丰转债,SZ,forced_redemption,2026-05-09,2026-05-29,2026-06-01,2026-06-08,102.532,cninfo_ok,https://static.cninfo.com.cn/finalpage/2026-06-09/1225357288.PDF
118033,华特转债,SH,forced_redemption,2026-05-15,2026-06-09,2026-06-10,2026-06-10,100.3329,master_field_semantics_sampled,
118041,星球转债,SH,forced_redemption,2026-05-20,2026-06-09,2026-06-10,2026-06-10,100.8603,master_field_semantics_sampled,
123121,帝尔转债,SZ,forced_redemption,2026-05-13,2026-06-02,2026-06-03,2026-06-10,102.068,cninfo_ok,https://static.cninfo.com.cn/finalpage/2026-06-11/1225363564.PDF
118057,甬矽转债,SH,forced_redemption,2026-05-22,2026-06-15,2026-06-16,2026-06-16,100.1945,master_field_semantics_sampled,
113588,润达转债,SH,maturity,2026-05-13,2026-06-16,2026-06-17,2026-06-17,109.0,master_field_semantics_sampled,
111010,立昂转债,SH,forced_redemption,2026-05-28,2026-06-17,2026-06-18,2026-06-18,100.8877,master_field_semantics_sampled,
127026,超声转债,SZ,forced_redemption,2026-05-23,2026-06-12,2026-06-15,2026-06-23,101.04,cninfo_ok,https://static.cninfo.com.cn/finalpage/2026-06-24/1225382539.PDF
127066,科利转债,SZ,forced_redemption,2026-05-19,2026-06-12,2026-06-15,2026-06-23,101.405,cninfo_ok,https://static.cninfo.com.cn/finalpage/2026-06-23/1225381549.PDF
111023,利柏转债,SH,forced_redemption,2026-05-27,2026-06-23,2026-06-24,2026-06-24,100.0975,master_field_semantics_sampled,
113589,天创转债,SH,maturity,,2026-06-23,,2026-06-24,110.0,cninfo_manual_official,https://static.cninfo.com.cn/finalpage/2026-06-25/1225386428.PDF
127090,兴瑞转债,SZ,forced_redemption,2026-05-23,2026-06-15,2026-06-16,2026-06-24,100.717,cninfo_ok,https://static.cninfo.com.cn/finalpage/2026-06-25/1225385296.PDF
127018,本钢转债,SZ,maturity,2026-05-25,2026-06-26,2026-06-29,2026-06-29,119.0,master_field_semantics_sampled,
123198,金埔转债,SZ,forced_redemption,2026-06-01,2026-06-22,2026-06-23,2026-06-30,100.062,cninfo_ok,https://static.cninfo.com.cn/finalpage/2026-07-01/1225399620.PDF
128137,洁美转债,SZ,forced_redemption,2026-05-30,2026-06-22,2026-06-23,2026-06-30,101.266,cninfo_ok,https://static.cninfo.com.cn/finalpage/2026-07-01/1225400499.PDF
118018,瑞科转债,SH,forced_redemption,2026-05-28,2026-07-03,2026-07-06,2026-07-06,101.3233,master_field_semantics_sampled,
118025,奕瑞转债,SH,forced_redemption,2026-06-09,2026-07-03,2026-07-06,2026-07-06,101.0479,master_field_semantics_sampled,
111001,山玻转债,SH,forced_redemption,2026-06-03,2026-07-06,2026-07-07,2026-07-07,101.1885,master_field_semantics_sampled,
113644,艾迪转债,SH,forced_redemption,2026-05-28,2026-07-08,2026-07-09,2026-07-09,100.4658,master_field_semantics_sampled,
127041,弘亚转债,SZ,maturity,2026-06-02,2026-07-10,2026-07-13,2026-07-13,115.0,master_field_semantics_sampled,
123059,银信转债,SZ,maturity,2026-06-09,2026-07-14,2026-07-15,2026-07-15,118.0,master_field_semantics_sampled,
123061,航新转债,SZ,forced_redemption,2026-06-03,2026-07-07,2026-07-08,2026-07-15,102.885,cninfo_ok,https://static.cninfo.com.cn/finalpage/2026-07-16/1225425958.PDF
127079,华亚转债,SZ,forced_redemption,2026-06-16,2026-07-08,2026-07-09,2026-07-16,101.011,cninfo_ok,https://static.cninfo.com.cn/finalpage/2026-07-17/1225428801.PDF
128119,龙大转债,SZ,maturity,2026-06-06,2026-07-16,2026-07-17,2026-07-17,115.0,master_field_semantics_sampled,
128121,宏川转债,SZ,maturity,2026-06-11,2026-07-16,2026-07-17,2026-07-17,108.0,master_field_semantics_sampled,
