审计层,对象,公开日,转债代码,候选命中或覆盖,硬状态判断,更早状态或增量影响,结论,证据边界,来源
检索合同,巨潮全局全类别十一组关键词分年查询,2018-01-01至2026-07-20,,99个关键词年份分片全部成功且错误0,候选映射后764份公告和79个发行人,关键词覆盖重整破产清算无法及不能按期兑付延期兑付兑付风险回售款终止上市和低于面值,平台无关免费路径成立,全局窄词路径不能单独替代后续已完成的发行人级宽兑付差集,http://www.cninfo.com.cn/new/commonUrl/pageOfSearch?url=disclosure/list/search
目录分布,重整,2018-01-01至2026-07-20,,431份候选相关公告,只把法院裁定受理发行人自身重整作为硬触发,投资他人重整及子公司股东或客户重整不排除发行人,标题必须结合对象语义裁决,申请预重整本身仅作软风险除非已有其他硬状态,http://www.cninfo.com.cn/new/commonUrl/pageOfSearch?url=disclosure/list/search
目录分布,破产清算,2018-01-01至2026-07-20,,56份候选相关公告,只把发行人自身法院受理清算作为硬触发,子公司债务人或控股股东清算不机械传导,标题必须结合对象语义裁决,被申请但未受理不等于已经进入清算,http://www.cninfo.com.cn/new/commonUrl/pageOfSearch?url=disclosure/list/search
目录分布,终止上市及低于面值,2018-01-01至2026-07-20,,225份终止上市和22份低于面值候选相关公告,发行人首次明确提示股票或转债可能终止上市时进入硬状态,主动吸收合并终止上市和已正常退出转债不按信用风险处理,目录需逐案裁决,证券对象和当时存续状态必须逐案确认,http://www.cninfo.com.cn/new/commonUrl/pageOfSearch?url=disclosure/list/search
目录分布,明确兑付与回售风险,2018-01-01至2026-07-20,,30份候选相关关键词命中,只有无法或不能按期兑付及回售款无法支付是硬触发,普通兑付付息和触发回售条款不属于违约,本轮实际新增对象为岭南与龙大且均有直接发行人公告,仍需核对首次公开日并排除普通回售,http://www.cninfo.com.cn/new/commonUrl/pageOfSearch?url=disclosure/list/search
法院受理发行人重整,正邦科技,2023-07-21,128114,硬触发后两候选原始命中0次,法院裁定受理公司重整,正股已于2023-05-05进入ST硬状态,不改变当前候选选择但保留为独立事件事实,采用公开公告日不采用内部裁定送达前日期,https://static.cninfo.com.cn/finalpage/2023-07-21/1217348496.PDF
法院受理发行人重整,全筑股份,2023-11-14,113578,硬触发后两候选原始命中0次,法院裁定受理公司重整,评级已于2022-12-31跌入BBB档且2023-04-29进入风险警示,不改变当前候选选择但保留为独立事件事实,申请预重整日不提前作为本轮硬触发,https://static.cninfo.com.cn/finalpage/2023-11-14/1218325952.PDF
法院受理发行人重整,花王股份,2024-09-10,113595,硬触发后两候选原始命中0次,法院裁定受理公司重整,正股风险警示自2021-04-30生效且评级2021-08-14跌入BBB档,不改变当前候选选择但保留为独立事件事实,控股股东及子公司重整公告不冒充发行人受理日,https://static.cninfo.com.cn/finalpage/2024-09-10/1221178223.PDF
法院受理发行人重整,傲农生物,2024-11-06,113620,硬触发后两候选原始命中0次,法院裁定受理公司重整,正股已于2024-04-30进入风险警示,不改变当前候选选择但保留为独立事件事实,预重整申请和进展只作软风险直到法院正式受理,https://static.cninfo.com.cn/finalpage/2024-11-06/1221637676.PDF
法院受理发行人重整,中装建设,2025-08-20,127033,硬触发后两候选原始命中0次,法院裁定受理公司重整,正股已于2024-02-27进入风险警示,不改变当前候选选择但保留为独立事件事实,同发行人早期已退出转债不因后发重整反写历史,https://static.cninfo.com.cn/finalpage/2025-08-20/1224520007.PDF
明确兑付风险,岭南股份,2024-08-07,128044,风险公开后两候选原始命中0次,发行人明确可能不能按期足额兑付本息,2024-06-22已有股票及转债可能终止上市公告更早构成硬状态,风险日期前移到2024-06-22且最终并集复算无新增换券,更早公告只在公开日后生效,https://static.cninfo.com.cn/finalpage/2024-08-07/1220807320.PDF
面值退市风险,岭南股份,2024-06-22,128044,风险公开后两候选原始命中0次,发行人首次明确股票及可转债可能终止上市,比旧兑付风险时点前移46天,正式硬日期改为2024-06-22,不因后来实际违约把日期提前到公告前,https://static.cninfo.com.cn/finalpage/2024-06-22/1220427747.PDF
明确兑付风险,龙大美食,2026-06-06,128119,风险公开后两候选原始命中0次,发行人明确提示可能无法按期兑付本息,正股已于2025-04-30进入风险警示区间,不改变当前候选选择但保留为独立事件事实,采用第一次风险提示日不采用2026-07后续确认日,https://static.cninfo.com.cn/finalpage/2026-06-06/1225355870.PDF
软风险反例,蓝盾股份被申请破产清算,2021-07-30,123015,F02其后曾命中1次,仅为被申请且未识别到法院受理发行人清算,2022-04-29进入ST后才形成无歧义硬状态,不把申请标题事后升级为硬排除,若后续取得更早法院受理原文再按公开日修订,https://static.cninfo.com.cn/finalpage/2021-07-30/1210612796.PDF
软风险反例,其他主体重整或清算,2018-01-01至2026-07-20,,中金岭南等大量标题命中,发行人作为投资人或涉及子公司股东客户不直接排除转债,无发行人自身受理或明确偿付异常则不设硬日期,避免关键词过滤误杀健康发行人,仍可保留为软诊断但不承担收益排名,http://www.cninfo.com.cn/new/commonUrl/pageOfSearch?url=disclosure/list/search
发行人级差集合同,622个候选发行人乘三关键词,2018-01-01至2026-07-20,,1866个全类别查询全部完成且错误0,得到1777份去重公告和193个有命中发行人,与全局目录按announcementId对齐而非按带时间参数链接字符串对齐,候选级检索完整性关通过,单线程0.8秒节流并每25次断点保存避免限流后失去进度,http://www.cninfo.com.cn/new/commonUrl/pageOfSearch?url=disclosure/list/search
发行人级差集结果,重整及终止上市,2018-01-01至2026-07-20,,发行人级分别431份和225份,按announcementId与全局同关键词目录完全一致且新增0份,两类全局分年检索没有候选遗漏,标题仍须对象及阶段语义裁决,完全一致只证明目录覆盖不证明标题都是硬风险,http://www.cninfo.com.cn/new/commonUrl/pageOfSearch?url=disclosure/list/search
发行人级差集结果,宽关键词兑付,2018-01-01至2026-07-20,,1121份中有1108份不在原窄负面词目录,绝大多数是正常本息兑付或其他融资工具正常到期,负面短语复核得到7份且只有正邦和已知岭南属于发行人自身偿付异常,宽词补出正邦重大商票逾期但不能机械把1108份全部设为风险,精工钢构实控人企业及杭锅灵康购买产品逾期属于其他主体,http://www.cninfo.com.cn/new/commonUrl/pageOfSearch?url=disclosure/list/search
实际到期债务未清偿,正邦科技,2022-06-09,128114,F02-252其后原始命中9期且三因子命中6期,发行人及子公司因流动资金紧张发生商票逾期未兑付且余额合计54200.50万元,早于2023-05-05风险警示和2023-07-21重整受理,新增硬日期为首次市场公开日2022-06-09,仅对重大且已发生的发行人自身到期债务未清偿扩展硬状态；持有他人逾期票据不是发行人违约,http://www.cninfo.com.cn/new/disclosure/detail?stockCode=002157&announcementId=1213646074&orgId=9900003434&announcementTime=2022-06-09
最终并集复算,F02-252,2019-01-22至2026-07-13,,"此前硬并集24.8926%；加入正邦2022-06-09后为24.8872%","四阶段正超额；近似日频回撤约-15.16%",年化再下降约0.0054个百分点且风险退出增至83次,候选保留且偏均衡防守定位不变,候选级评级风险警示重整兑付退市检索首轮完成但仍非生产级逐日信用数据库,
最终并集复算,经典双低+F02-252+低余额,2019-01-22至2026-07-13,,"此前硬并集29.6799%；加入正邦2022-06-09后为29.5443%","四阶段正超额；近似日频回撤约-18.83%",年化再下降约0.1356个百分点且风险退出增至115次,候选保留且偏进攻高维护定位不变,三因子对新增信用事实的敏感性更高不把过滤后的收益解释为信用alpha,
剩余验证,生产级逐日信用状态,截至2026-07-20,,候选622发行人目录差集已完成,不再存在本轮既定三关键词的发行人级检索缺口,未来仍须在每个信号日记录首次公开时间和新增硬事件并保留人工异常队列,候选级首轮通过而非永远完备,不采购付费平台替代公开事实核验,http://www.cninfo.com.cn/new/commonUrl/pageOfSearch?url=disclosure/list/search
